year,ind2d,theta_WI1_ct,theta_WI2_ct,theta_WI2_xt,theta_WI1_kt,theta_WI2_kt
1955,11,.79888213,.63676381,-.058980599,-.092389502,.069323599
1956,11,.79888213,.63676381,-.058980599,-.092389502,.069323599
1957,11,.79888213,.63676381,-.058980599,-.092389502,.069323599
1958,11,.79888213,.63676381,-.058980599,-.092389502,.069323599
1959,11,.79888213,.63676381,-.058980599,-.092389502,.069323599
1960,11,.79888213,.63676381,-.058980599,-.092389502,.069323599
1961,11,.79888213,.63676381,-.058980599,-.092389502,.069323599
1962,11,.79888213,.63676381,-.058980599,-.092389502,.069323599
1963,11,.79888213,.63676381,-.058980599,-.092389502,.069323599
1964,11,.79888213,.63676381,-.058980599,-.092389502,.069323599
1965,11,.79888213,.63676381,-.058980599,-.092389502,.069323599
1966,11,.79888213,.63676381,-.058980599,-.092389502,.069323599
1967,11,.79888213,.63676381,-.058980599,-.092389502,.069323599
1968,11,.79888213,.63676381,-.058980599,-.092389502,.069323599
1969,11,.79888213,.63676381,-.058980599,-.092389502,.069323599
1970,11,.75862962,.66402382,.0116943,-.0051655001,-.0082935998
1971,11,.79300898,.68832988,-.000182,.0080118999,.0613968
1972,11,.78164327,.68713439,.0937002,.14831489,.073220603
1973,11,.77246678,.75514162,.3349447,.26627141,.19955181
1974,11,.80538458,.71893328,.35624751,.231635,.0229015
1975,11,.83279061,.70905203,.40197,.58928359,.078638501
1976,11,.83702952,.72245759,.33744401,.34836641,.097408198
1977,11,.84680879,.70768458,.30925691,.36574441,.0549642
1978,11,.87062562,.69797641,.28223851,.069104001,.0088245003
1979,11,.87291092,.70327848,.3197788,.1700038,.056255501
1980,11,.84926832,.69081628,.35558769,.22673871,.043974299
1981,11,.85359991,.68434638,.29165539,.3753449,.24512599
1982,11,.85223389,.67085522,.22844809,.25735241,.27943379
1983,11,.86455989,.69371229,.2332352,.53359592,.31464481
1984,11,.85400081,.67000622,.2408801,.57257599,.42028639
1985,11,.7764309,.60033548,.3079817,.49515271,.30926871
1986,11,.71023858,.54009539,.2712698,.48013631,.2008795
1987,11,.7176711,.56779832,.2476033,.1992514,-.021269901
1988,11,.71019971,.57436091,.25220841,.1901785,-.036420099
1989,11,.69288832,.55668032,.1503315,.28773639,.20768011
1990,11,.70305598,.55363089,.111408,.2177382,.20305739
1991,11,.68087482,.51527148,.1758088,.1757018,.1663831
1992,11,.68722552,.50741923,.25831541,.32475051,.29506731
1993,11,.69417012,.52270132,.25360471,.3386997,.30541179
1994,11,.71227008,.5620622,.28285739,.1619795,.092919998
1995,11,.73141688,.58245617,.25238779,.36128801,.26571491
1996,11,.75412679,.61831069,.2051034,.42405021,.38792571
1997,11,.80024862,.6736269,.14314079,.20971119,.1874046
1998,11,.8243295,.6946795,.16141561,.14546099,.1311423
1999,11,.84642643,.70424968,.1225187,.073638,.2070848
2000,11,.84994513,.71127212,.146071,.2202221,.23970281
2001,11,.8893851,.7097401,.17034221,.069119297,.1419241
2002,11,.90226239,.65533203,.31346279,.086426102,.1485841
2003,11,.92066288,.65028328,.3841109,.1025447,.1173984
2004,11,.92749119,.67004943,.30376831,.1107899,.18460929
2005,11,.94298297,.68979073,.3735871,.059529498,.18898331
2006,11,.92120701,.67579561,.42461431,.1800788,.2630212
2007,11,.93697858,.67874932,.53249162,.1207695,.1243727
2008,11,.87391108,.65013051,.32679459,.086430296,.1825054
2009,11,.85408592,.63179982,.35649469,.24168681,.2456132
2010,11,.84338659,.64895481,.29662591,.1372399,.17842451
2011,11,.84169149,.64506012,.2581445,.25726211,.33935291
2012,11,.8386451,.64593703,.2050719,.26479509,.33749911
2013,11,.87151903,.6730029,.25371659,.2100137,.2916221
2014,11,.89964187,.72049761,.100297,.1590945,.26611051
2015,11,.91110188,.74963319,-.1111206,.1586594,.29692101
2016,11,.93373579,.79557961,-.1552496,-.16446111,-.065631904
2017,11,.93373579,.79557961,-.1552496,-.16446111,-.065631904
2018,11,.93373579,.79557961,-.1552496,-.16446111,-.065631904
2019,11,.93373579,.79557961,-.1552496,-.16446111,-.065631904
2020,11,.93373579,.79557961,-.1552496,-.16446111,-.065631904
2021,11,.93373579,.79557961,-.1552496,-.16446111,-.065631904
1955,21,.80800557,.70504242,.1067902,.18564761,.1809931
1956,21,.80800557,.70504242,.1067902,.18564761,.1809931
1957,21,.80800557,.70504242,.1067902,.18564761,.1809931
1958,21,.80800557,.70504242,.1067902,.18564761,.1809931
1959,21,.80800557,.70504242,.1067902,.18564761,.1809931
1960,21,.80800557,.70504242,.1067902,.18564761,.1809931
1961,21,.80800557,.70504242,.1067902,.18564761,.1809931
1962,21,.80800557,.70504242,.1067902,.18564761,.1809931
1963,21,.80800557,.70504242,.1067902,.18564761,.1809931
1964,21,.80800557,.70504242,.1067902,.18564761,.1809931
1965,21,.80800557,.70504242,.1067902,.18564761,.1809931
1966,21,.80800557,.70504242,.1067902,.18564761,.1809931
1967,21,.80800557,.70504242,.1067902,.18564761,.1809931
1968,21,.80800557,.70504242,.1067902,.18564761,.1809931
1969,21,.80800557,.70504242,.1067902,.18564761,.1809931
1970,21,.81132913,.69872892,.16196521,.20046081,.1931399
1971,21,.8202005,.70848572,.13115171,.2158338,.19596431
1972,21,.81349921,.70411438,.17989179,.062694103,.0624259
1973,21,.79748857,.68616247,.18851949,.0714733,.069878802
1974,21,.78405058,.66880381,.1955563,.072012901,.073883802
1975,21,.77239722,.64399832,.1903487,.084366798,.093182698
1976,21,.75934631,.62199932,.2167792,.1064288,.1124837
1977,21,.73890162,.59361118,.2102149,.2173145,.2046598
1978,21,.71882099,.57938331,.184559,.3427605,.33781391
1979,21,.70693278,.58179098,.16182689,.34054959,.32371691
1980,21,.69194281,.58982247,.1745939,.40789109,.38156271
1981,21,.68092668,.58989239,.2293292,.44386429,.40582189
1982,21,.67274177,.57548809,.2233818,.38111371,.3485328
1983,21,.68583792,.57959849,.23152611,.35582459,.32401329
1984,21,.70467389,.56296319,.32606551,.3378551,.3009508
1985,21,.70925349,.53886461,.41545489,.27875581,.2407032
1986,21,.75628328,.57421392,.3932226,.2330305,.1997804
1987,21,.78378582,.60553151,.42660981,.21273559,.1907808
1988,21,.77591407,.59441018,.46011311,.2487478,.2100009
1989,21,.77064288,.60822159,.32979289,.25478259,.2299757
1990,21,.76748419,.62506813,.27038309,.2730836,.2569406
1991,21,.74419421,.60945702,.28539699,.2865535,.25454631
1992,21,.74809641,.62533128,.2169482,.28556821,.26702711
1993,21,.74568582,.63300931,.1798445,.2474167,.23685379
1994,21,.72603458,.62412661,.20270421,.25442699,.2363698
1995,21,.72657859,.63262808,.1236497,.29397789,.29024941
1996,21,.73905528,.65216482,.1241113,.29457331,.29706889
1997,21,.72616613,.64373732,.15016,.31413469,.30753839
1998,21,.69565892,.61537123,.2236443,.35392961,.33720991
1999,21,.70167142,.61595792,.2283605,.37764671,.35349199
2000,21,.69353849,.60609323,.2758114,.31206059,.28971779
2001,21,.66143602,.57713449,.27358869,.36417311,.33200371
2002,21,.66656959,.59261602,.1848229,.30786949,.30111381
2003,21,.68227839,.62555248,.18364111,.25773159,.23622631
2004,21,.7044884,.67501712,.18646801,.19880401,.16139831
2005,21,.71609801,.69961452,.20442089,.2012796,.144154
2006,21,.73048472,.71927738,.24791621,.2305031,.1655391
2007,21,.76396263,.73671257,.38320389,.31463379,.2078061
2008,21,.79291958,.73937982,.3406907,.3293401,.2425984
2009,21,.79457271,.72263128,.3510837,.3655681,.2741679
2010,21,.80645198,.723248,.36518201,.4171727,.32267311
2011,21,.80872393,.71532929,.34528551,.4285475,.35945791
2012,21,.78945303,.69662517,.3115094,.4361316,.37314039
2013,21,.82263511,.7226578,.33159319,.49996951,.42626941
2014,21,.83939338,.72595668,.2892355,.61827779,.57627833
2015,21,.84319109,.72997588,.25935781,.60567892,.57502079
2016,21,.89727318,.77648598,.2002624,.70273638,.66172338
2017,21,.89727318,.77648598,.2002624,.70273638,.66172338
2018,21,.89727318,.77648598,.2002624,.70273638,.66172338
2019,21,.89727318,.77648598,.2002624,.70273638,.66172338
2020,21,.89727318,.77648598,.2002624,.70273638,.66172338
2021,21,.89727318,.77648598,.2002624,.70273638,.66172338
1955,22,.87182808,.80105811,.1334977,.096982799,.051298901
1956,22,.87182808,.80105811,.1334977,.096982799,.051298901
1957,22,.87182808,.80105811,.1334977,.096982799,.051298901
1958,22,.87182808,.80105811,.1334977,.096982799,.051298901
1959,22,.87182808,.80105811,.1334977,.096982799,.051298901
1960,22,.87182808,.80105811,.1334977,.096982799,.051298901
1961,22,.87182808,.80105811,.1334977,.096982799,.051298901
1962,22,.87182808,.80105811,.1334977,.096982799,.051298901
1963,22,.87182808,.80105811,.1334977,.096982799,.051298901
1964,22,.87182808,.80105811,.1334977,.096982799,.051298901
1965,22,.87182808,.80105811,.1334977,.096982799,.051298901
1966,22,.87182808,.80105811,.1334977,.096982799,.051298901
1967,22,.87182808,.80105811,.1334977,.096982799,.051298901
1968,22,.87182808,.80105811,.1334977,.096982799,.051298901
1969,22,.87182808,.80105811,.1334977,.096982799,.051298901
1970,22,.84855843,.78525978,.163385,.1976254,.079337999
1971,22,.84890783,.70833409,.3565098,.1172252,-.35083199
1972,22,.84573138,.6510126,.499239,.096749596,-.27310559
1973,22,.85529512,.6144256,.4932929,.1718879,-.15108401
1974,22,.85625088,.59439129,.42305109,.065116197,-.071695901
1975,22,.86570847,.64121372,.44352689,.18858629,.093358196
1976,22,.8586911,.65305042,.44561601,.17584901,.0020021
1977,22,.85483289,.69002289,.30813849,.1938237,.071996197
1978,22,.84875017,.70230001,.45775741,.2181206,.0111945
1979,22,.83232027,.66675621,.54523557,.32676849,.073207997
1980,22,.82970142,.65467441,.38406059,.3734268,.1832249
1981,22,.84990448,.72517532,.25284389,.35274991,.2404851
1982,22,.85362941,.72255182,.0783353,.47338921,.4462721
1983,22,.87295061,.67696691,.20800041,.51733148,.51299709
1984,22,.87200701,.69087958,.15603261,.48289701,.43269461
1985,22,.85864842,.72460669,.51216632,-.1225754,-.26077029
1986,22,.84058732,.69247651,.63633293,-.048356201,-.176183
1987,22,.80697131,.69343293,.4343082,-.078802802,-.0698791
1988,22,.8084681,.68189168,.44797951,-.1162697,-.057118099
1989,22,.82677472,.69584769,.4836891,-.081522599,.0019753
1990,22,.85063672,.7343899,.22307789,.15434679,.1645007
1991,22,.83893019,.72456533,.21129119,.0838724,.15635259
1992,22,.81977361,.69177419,.1234636,.2118609,.34825209
1993,22,.8075105,.66941518,.16914921,.50548917,.67328918
1994,22,.78689152,.65697539,.2574555,.1917637,.2295545
1995,22,.79057157,.65485191,.3215569,.1904643,.22273339
1996,22,.78903711,.63649702,.31057739,.2075616,.22809391
1997,22,.81158042,.66808999,.26354611,.1688516,.1702722
1998,22,.83313912,.65157938,.1942926,.1076508,.0803416
1999,22,.83138549,.6127969,.2237806,.21596029,.2381576
2000,22,.82123011,.68192118,.14840619,.2344982,.2233
2001,22,.83377331,.746961,.1867173,.27602211,.25546759
2002,22,.84910482,.78790951,.2008871,.30702451,.28403109
2003,22,.85160798,.79336858,.2886894,.3059974,.2915037
2004,22,.87912399,.80885798,.3391073,.23463529,.2141643
2005,22,.87786287,.80295283,.53181672,.169313,.054039098
2006,22,.90871012,.8727932,.47241071,.065592401,-.0065974002
2007,22,.89767689,.84590793,.24843021,-.0141511,-.039891299
2008,22,.88706738,.83783841,.1382416,-.056784,-.070012301
2009,22,.8348009,.79850268,.1912829,-.00053000002,-.063503198
2010,22,.82577378,.79189622,.1019208,.0442614,.0136213
2011,22,.7433129,.67887843,.1711114,.1150074,.0833904
2012,22,.69640797,.63331568,.2306665,.1253857,.066517599
2013,22,.74502039,.65181869,.42089811,.1833649,.083197899
2014,22,.73334569,.58294868,.34857169,.91516823,.75723362
2015,22,.73127931,.57187063,.42437339,1.106387,.8763575
2016,22,.73794109,.54837579,.35376549,1.1128,.82920003
2017,22,.73794109,.54837579,.35376549,1.1128,.82920003
2018,22,.73794109,.54837579,.35376549,1.1128,.82920003
2019,22,.73794109,.54837579,.35376549,1.1128,.82920003
2020,22,.73794109,.54837579,.35376549,1.1128,.82920003
2021,22,.73794109,.54837579,.35376549,1.1128,.82920003
1955,23,.89616579,.77814412,.087972999,.112603,.078317598
1956,23,.89616579,.77814412,.087972999,.112603,.078317598
1957,23,.89616579,.77814412,.087972999,.112603,.078317598
1958,23,.89616579,.77814412,.087972999,.112603,.078317598
1959,23,.89616579,.77814412,.087972999,.112603,.078317598
1960,23,.89616579,.77814412,.087972999,.112603,.078317598
1961,23,.89616579,.77814412,.087972999,.112603,.078317598
1962,23,.89616579,.77814412,.087972999,.112603,.078317598
1963,23,.89616579,.77814412,.087972999,.112603,.078317598
1964,23,.89616579,.77814412,.087972999,.112603,.078317598
1965,23,.89616579,.77814412,.087972999,.112603,.078317598
1966,23,.89616579,.77814412,.087972999,.112603,.078317598
1967,23,.89616579,.77814412,.087972999,.112603,.078317598
1968,23,.89616579,.77814412,.087972999,.112603,.078317598
1969,23,.89616579,.77814412,.087972999,.112603,.078317598
1970,23,.89077121,.76053858,.1866606,.1079182,.082877196
1971,23,.88916808,.78730291,.1418338,.093342997,.078233503
1972,23,.89432532,.81502992,.1487059,.0861113,.078458004
1973,23,.89038211,.80168611,.1789147,.095995903,.075986102
1974,23,.87913537,.76852262,.289269,.098453,.0320476
1975,23,.88596052,.75110638,.31654009,.1095071,.026888
1976,23,.88081068,.72831053,.3831349,.1496029,.056522202
1977,23,.88344938,.72334379,.3857432,.1199027,.0287244
1978,23,.8815847,.72167999,.3886421,.122911,.038574498
1979,23,.88020837,.7141403,.37586191,.1140484,.034229599
1980,23,.87607843,.69710928,.366613,.097346596,.0420096
1981,23,.87009919,.70619887,.28796101,.077840298,.046670701
1982,23,.86358821,.69987929,.287258,.061673801,.034533199
1983,23,.864573,.69529778,.2581242,.080766097,.0440741
1984,23,.88529301,.72780371,.26240659,.079069197,.060982101
1985,23,.88849872,.747572,.2715992,.035702299,.035070099
1986,23,.90234298,.77103889,.26838559,.047971498,.045582101
1987,23,.90811568,.77753133,.27190879,.0505138,.048589598
1988,23,.91347712,.78060538,.280247,.030431701,.026387701
1989,23,.90151322,.75906962,.3272444,.029383499,.0251793
1990,23,.89791012,.74453068,.2715939,.071911097,.067876302
1991,23,.89842582,.73467809,.3073504,.038685501,.0157959
1992,23,.90959549,.76202512,.26206869,.043480501,.0186611
1993,23,.91576761,.79630631,.1924554,.0603211,.0659853
1994,23,.92024058,.80065173,.16750459,.04301,.041014701
1995,23,.92498451,.81139719,.1597386,.0448341,.036115799
1996,23,.91760069,.77900791,.21862391,.0445108,.029917199
1997,23,.91816747,.76956558,.2204932,.0441483,.034050401
1998,23,.91881663,.76995611,.2396742,.0411609,.026847599
1999,23,.92546678,.78620589,.21231809,.045853,.040986098
2000,23,.93312043,.7897929,.21499249,.037141498,.041220099
2001,23,.93939322,.83363491,.1682055,.023912599,.037225999
2002,23,.93251431,.83312583,.1909771,.065829903,.0849123
2003,23,.93408298,.83425939,.2342831,.080457598,.1007524
2004,23,.92898428,.8073824,.20773309,.040425699,.063222297
2005,23,.91760588,.80319399,.2238017,.062822498,.076181501
2006,23,.91065258,.77837878,.2472195,.067514703,.085363001
2007,23,.91728759,.79998767,.25232431,.082280204,.076901004
2008,23,.9133724,.81092089,.22106349,.080209598,.073174402
2009,23,.91362178,.85128278,.22582939,.064121701,.061393101
2010,23,.93468457,.88840228,.2143105,.059690502,.045054201
2011,23,.92237359,.85002261,.26127249,.061053898,.0412887
2012,23,.89812738,.81545383,.20720521,.053356301,.041816
2013,23,.90170181,.79139149,.2189294,.051569,.039513301
2014,23,.90705138,.77421618,.21645591,.084608398,.070359297
2015,23,.89563411,.74930561,.1682639,.1035512,.1623075
2016,23,.90887672,.76086968,.2270968,.095999204,.1146803
2017,23,.90887672,.76086968,.2270968,.095999204,.1146803
2018,23,.90887672,.76086968,.2270968,.095999204,.1146803
2019,23,.90887672,.76086968,.2270968,.095999204,.1146803
2020,23,.90887672,.76086968,.2270968,.095999204,.1146803
2021,23,.90887672,.76086968,.2270968,.095999204,.1146803
1955,31,.85316199,.72526139,.226955,.1826662,.077874199
1956,31,.85316199,.72526139,.226955,.1826662,.077874199
1957,31,.85316199,.72526139,.226955,.1826662,.077874199
1958,31,.85316199,.72526139,.226955,.1826662,.077874199
1959,31,.85316199,.72526139,.226955,.1826662,.077874199
1960,31,.85316199,.72526139,.226955,.1826662,.077874199
1961,31,.85316199,.72526139,.226955,.1826662,.077874199
1962,31,.85316199,.72526139,.226955,.1826662,.077874199
1963,31,.85316199,.72526139,.226955,.1826662,.077874199
1964,31,.85316199,.72526139,.226955,.1826662,.077874199
1965,31,.85316199,.72526139,.226955,.1826662,.077874199
1966,31,.85316199,.72526139,.226955,.1826662,.077874199
1967,31,.85316199,.72526139,.226955,.1826662,.077874199
1968,31,.85316199,.72526139,.226955,.1826662,.077874199
1969,31,.85316199,.72526139,.226955,.1826662,.077874199
1970,31,.87201637,.72962731,.26638901,.16505709,.070255198
1971,31,.87447381,.73406988,.27359051,.1719562,.076726303
1972,31,.87592328,.74119538,.27816939,.23632739,.1220925
1973,31,.88755792,.75260168,.2448234,.1759349,.1142163
1974,31,.9070735,.76414597,.22170299,.1409726,.1086306
1975,31,.91478509,.76833469,.2067354,.126707,.090107299
1976,31,.91685218,.77092761,.20026539,.1181908,.091742702
1977,31,.91662627,.76933712,.2112021,.1098655,.087103598
1978,31,.9116506,.76558411,.21701171,.1191347,.077030502
1979,31,.90129727,.75661957,.23680609,.1231647,.0767726
1980,31,.9003132,.75427222,.2387116,.1117898,.073719501
1981,31,.89983952,.75099337,.25264221,.079738103,.051210701
1982,31,.91685182,.75525361,.2479348,.019019,-.0094218999
1983,31,.91865242,.75263381,.2485795,.069103003,.033792298
1984,31,.92269051,.7521354,.2286323,.1036786,.072465703
1985,31,.91905528,.75611663,.2329962,.1135067,.0765398
1986,31,.91544431,.74580359,.2302057,.1236463,.089023396
1987,31,.90166819,.73224068,.2389681,.1254508,.1046557
1988,31,.89886612,.72027242,.2417797,.1079657,.1036376
1989,31,.89424348,.71154881,.28628379,.083067901,.075841203
1990,31,.90075833,.71110421,.26803041,.051549401,.080906801
1991,31,.90772092,.71653068,.2662431,.0498062,.0722863
1992,31,.90462798,.72549272,.24963281,.086687103,.080593102
1993,31,.89610791,.7285375,.2567803,.086755298,.076957002
1994,31,.8901723,.73069352,.2392647,.096118599,.080686897
1995,31,.88436848,.72695982,.2493992,.097630702,.0644245
1996,31,.87868601,.72171718,.2487811,.1041895,.077061899
1997,31,.87731999,.71259159,.2514998,.1001431,.0731325
1998,31,.8841095,.70869118,.2470469,.1051941,.079708599
1999,31,.88764042,.7037397,.2549811,.1085098,.089945003
2000,31,.88810772,.69898319,.27237079,.1188082,.096912198
2001,31,.88285011,.69156939,.28265649,.1309254,.094631299
2002,31,.8848626,.6965844,.28840661,.1329769,.089050703
2003,31,.88332808,.69982058,.29970449,.13291921,.079512604
2004,31,.88423657,.70287257,.31606519,.14286549,.056275699
2005,31,.87437862,.69570053,.29682499,.15535431,.050593
2006,31,.87245011,.69710219,.2890425,.13409171,.040090699
2007,31,.87376612,.70984519,.28451571,.17283119,.0698485
2008,31,.88476568,.73068058,.2524873,.1940916,.1052091
2009,31,.90301043,.75520998,.23052999,.1959587,.1261514
2010,31,.90619469,.76708251,.25826231,.22192781,.1172257
2011,31,.918257,.78954822,.28572151,.0806688,.039432298
2012,31,.91389078,.79501963,.29396909,.098782599,.065089703
2013,31,.90491557,.79231101,.2856707,.14765289,.1079128
2014,31,.89455289,.78185529,.29026711,.1303346,.0975952
2015,31,.8993687,.78856713,.25435129,.1243003,.1089614
2016,31,.89402908,.78826302,.2107349,.23045181,.1724295
2017,31,.89402908,.78826302,.2107349,.23045181,.1724295
2018,31,.89402908,.78826302,.2107349,.23045181,.1724295
2019,31,.89402908,.78826302,.2107349,.23045181,.1724295
2020,31,.89402908,.78826302,.2107349,.23045181,.1724295
2021,31,.89402908,.78826302,.2107349,.23045181,.1724295
1955,32,.92705739,.65284288,.2371399,.094131701,.1167552
1956,32,.92705739,.65284288,.2371399,.094131701,.1167552
1957,32,.92705739,.65284288,.2371399,.094131701,.1167552
1958,32,.92705739,.65284288,.2371399,.094131701,.1167552
1959,32,.92705739,.65284288,.2371399,.094131701,.1167552
1960,32,.92705739,.65284288,.2371399,.094131701,.1167552
1961,32,.92705739,.65284288,.2371399,.094131701,.1167552
1962,32,.92705739,.65284288,.2371399,.094131701,.1167552
1963,32,.92705739,.65284288,.2371399,.094131701,.1167552
1964,32,.92705739,.65284288,.2371399,.094131701,.1167552
1965,32,.92705739,.65284288,.2371399,.094131701,.1167552
1966,32,.92705739,.65284288,.2371399,.094131701,.1167552
1967,32,.92705739,.65284288,.2371399,.094131701,.1167552
1968,32,.92705739,.65284288,.2371399,.094131701,.1167552
1969,32,.92705739,.65284288,.2371399,.094131701,.1167552
1970,32,.94133359,.68306178,.25378031,.057592399,.104698
1971,32,.92510909,.68039101,.2696043,.1355966,.1321342
1972,32,.90547872,.67493182,.30453381,.2693406,.1668829
1973,32,.89093238,.67571491,.31189969,.24390189,.16374999
1974,32,.8944999,.68105751,.32444301,.23877829,.148278
1975,32,.89162898,.68698132,.32912421,.1986338,.1236127
1976,32,.89120328,.69491571,.33523941,.1694109,.1165983
1977,32,.88762742,.69966722,.32662061,.1381122,.1084029
1978,32,.88608283,.7000404,.33562189,.115144,.088267997
1979,32,.88471508,.70264482,.30146229,.1223912,.1018753
1980,32,.87734139,.69777358,.3152115,.13026839,.095575899
1981,32,.87496698,.68902552,.3165502,.1523919,.096966803
1982,32,.87547082,.68403012,.306532,.1504281,.080180697
1983,32,.87281787,.68179607,.2926698,.2009954,.097961903
1984,32,.86125308,.67365938,.33666211,.20213071,.078724399
1985,32,.86485428,.67275578,.35387129,.1245907,.018218599
1986,32,.86490297,.67489892,.357701,.109785,.0187445
1987,32,.86152822,.67327172,.35769221,.1182334,.031281199
1988,32,.86131603,.67243111,.35090691,.12652861,.042093098
1989,32,.86747348,.67273557,.34207919,.121354,.0456344
1990,32,.86679351,.66394871,.28645161,.1696614,.1032268
1991,32,.87052768,.66449422,.26073319,.16958231,.1191
1992,32,.86925608,.65547597,.26165551,.1839454,.1237579
1993,32,.8643766,.65198839,.2662999,.1572026,.1357114
1994,32,.85935593,.65448952,.23013,.1514042,.16271339
1995,32,.86381263,.6686877,.29441991,.15177549,.1500423
1996,32,.86491662,.67358953,.28177381,.18163361,.1636979
1997,32,.87276059,.68360311,.27654171,.16916279,.1654117
1998,32,.87835062,.69109821,.27793679,.1482483,.13773981
1999,32,.87426299,.69067287,.33147669,.1372885,.1006215
2000,32,.85241318,.67149442,.35008231,.168946,.1150572
2001,32,.83860731,.66000432,.38311991,.15018301,.10149
2002,32,.83862633,.66548991,.41327271,.1559463,.094593503
2003,32,.84238148,.67302048,.45369321,.1523895,.091589697
2004,32,.84591699,.68359357,.40375751,.1729386,.1180284
2005,32,.84952348,.69499183,.34891269,.19417541,.1358023
2006,32,.83538228,.6939584,.3785679,.2334636,.1494581
2007,32,.81411111,.68161082,.3903392,.2618778,.15285841
2008,32,.80038792,.66943061,.4056133,.30822781,.1805923
2009,32,.78745759,.6529547,.44255149,.30814809,.1645973
2010,32,.7853381,.64086431,.48569629,.28787279,.1551103
2011,32,.79831338,.64681292,.45612979,.28934619,.1606725
2012,32,.81789428,.67297482,.32517651,.28388539,.1748686
2013,32,.83930218,.70670229,.3028318,.29736331,.17605761
2014,32,.85129088,.71705002,.29977241,.27694389,.1615434
2015,32,.86592799,.73632407,.29326731,.2649152,.1494419
2016,32,.88326561,.75727183,.2459524,.23756669,.14298099
2017,32,.88326561,.75727183,.2459524,.23756669,.14298099
2018,32,.88326561,.75727183,.2459524,.23756669,.14298099
2019,32,.88326561,.75727183,.2459524,.23756669,.14298099
2020,32,.88326561,.75727183,.2459524,.23756669,.14298099
2021,32,.88326561,.75727183,.2459524,.23756669,.14298099
1955,33,.87291378,.73313153,.2336947,.1685659,.1155848
1956,33,.87291378,.73313153,.2336947,.1685659,.1155848
1957,33,.87291378,.73313153,.2336947,.1685659,.1155848
1958,33,.87291378,.73313153,.2336947,.1685659,.1155848
1959,33,.87291378,.73313153,.2336947,.1685659,.1155848
1960,33,.87291378,.73313153,.2336947,.1685659,.1155848
1961,33,.87291378,.73313153,.2336947,.1685659,.1155848
1962,33,.87291378,.73313153,.2336947,.1685659,.1155848
1963,33,.87291378,.73313153,.2336947,.1685659,.1155848
1964,33,.87291378,.73313153,.2336947,.1685659,.1155848
1965,33,.87291378,.73313153,.2336947,.1685659,.1155848
1966,33,.87291378,.73313153,.2336947,.1685659,.1155848
1967,33,.87291378,.73313153,.2336947,.1685659,.1155848
1968,33,.87291378,.73313153,.2336947,.1685659,.1155848
1969,33,.87291378,.73313153,.2336947,.1685659,.1155848
1970,33,.88119882,.71808368,.27121139,.173666,.1087918
1971,33,.88024741,.72174817,.28795689,.2442459,.1384968
1972,33,.88082629,.72755289,.30563459,.26992661,.1423815
1973,33,.88385153,.73034757,.29737401,.2433365,.1233526
1974,33,.88570029,.72592729,.2985014,.24386381,.1205489
1975,33,.88253778,.71941042,.32410601,.2416672,.1182074
1976,33,.87883592,.71221203,.33170119,.22717839,.0961086
1977,33,.87296301,.705899,.33480439,.2144053,.0902045
1978,33,.86421728,.6991663,.3407279,.22465169,.093614303
1979,33,.85662568,.69834232,.33992231,.216123,.089778602
1980,33,.85306978,.69842988,.34960249,.19893371,.0755447
1981,33,.85729122,.70348901,.35778081,.20474491,.076329499
1982,33,.8603301,.70981872,.3231104,.20831031,.096083097
1983,33,.85501152,.7054646,.3281478,.21524259,.1066478
1984,33,.84835988,.7002306,.33977869,.2257369,.1129641
1985,33,.84690112,.69936389,.32092839,.2462786,.134361
1986,33,.84019858,.69476569,.33131659,.2439764,.1304442
1987,33,.83397192,.6880343,.3395848,.2462658,.1242133
1988,33,.83269727,.68724072,.34679851,.25396031,.114015
1989,33,.82758331,.6818881,.3406699,.26065871,.1152578
1990,33,.82267022,.681692,.3714641,.25555199,.0907823
1991,33,.82435721,.68597782,.36420071,.2448549,.088523403
1992,33,.83204287,.69252211,.35428739,.2495532,.095220096
1993,33,.83142388,.6925149,.33971679,.23255681,.112208
1994,33,.83399397,.69827902,.33588099,.2219857,.1039923
1995,33,.83221352,.69816607,.29816559,.20701879,.1248959
1996,33,.83271623,.69973892,.2847386,.2133494,.14016519
1997,33,.83524048,.70590311,.3000752,.2093651,.1340391
1998,33,.84011191,.71557653,.27159241,.2140193,.133811
1999,33,.84648281,.72642052,.28524399,.2176771,.1254967
2000,33,.84889728,.73080808,.3260825,.2289326,.112507
2001,33,.84291291,.72510499,.34960249,.2356099,.092771001
2002,33,.83143038,.71450222,.3671343,.23822349,.087652899
2003,33,.82632452,.70734799,.42333299,.2247887,.080914997
2004,33,.81922531,.69761968,.43098009,.2229643,.091503702
2005,33,.81686932,.69614202,.3890264,.190703,.0706219
2006,33,.81558049,.69718212,.38183779,.1580071,.072927102
2007,33,.8167991,.69929588,.39600241,.15998849,.071842
2008,33,.82011533,.69729447,.39722309,.1592831,.069579102
2009,33,.82522708,.6953215,.40864569,.1449917,.063265301
2010,33,.82509869,.68812108,.41434371,.1916106,.1044521
2011,33,.82742548,.68595368,.4323397,.24242321,.1269151
2012,33,.8336826,.69068372,.39631379,.2395494,.1127352
2013,33,.83722758,.69823551,.36277881,.26859671,.1203589
2014,33,.83782899,.70463377,.3683525,.27943611,.111434
2015,33,.83984679,.70981848,.36144161,.27049419,.1027093
2016,33,.847296,.71754229,.33327299,.26526201,.084491998
2017,33,.847296,.71754229,.33327299,.26526201,.084491998
2018,33,.847296,.71754229,.33327299,.26526201,.084491998
2019,33,.847296,.71754229,.33327299,.26526201,.084491998
2020,33,.847296,.71754229,.33327299,.26526201,.084491998
2021,33,.847296,.71754229,.33327299,.26526201,.084491998
1955,42,.87725627,.68826509,.24505819,.1179246,.097071201
1956,42,.87725627,.68826509,.24505819,.1179246,.097071201
1957,42,.87725627,.68826509,.24505819,.1179246,.097071201
1958,42,.87725627,.68826509,.24505819,.1179246,.097071201
1959,42,.87725627,.68826509,.24505819,.1179246,.097071201
1960,42,.87725627,.68826509,.24505819,.1179246,.097071201
1961,42,.87725627,.68826509,.24505819,.1179246,.097071201
1962,42,.87725627,.68826509,.24505819,.1179246,.097071201
1963,42,.87725627,.68826509,.24505819,.1179246,.097071201
1964,42,.87725627,.68826509,.24505819,.1179246,.097071201
1965,42,.87725627,.68826509,.24505819,.1179246,.097071201
1966,42,.87725627,.68826509,.24505819,.1179246,.097071201
1967,42,.87725627,.68826509,.24505819,.1179246,.097071201
1968,42,.87725627,.68826509,.24505819,.1179246,.097071201
1969,42,.87725627,.68826509,.24505819,.1179246,.097071201
1970,42,.8713429,.68215668,.22619569,.110073,.1096596
1971,42,.8706584,.70030588,.22170021,.1067431,.094548099
1972,42,.87380129,.72691631,.241263,.0801863,.060458701
1973,42,.88099468,.7416513,.24375281,.069437802,.053681899
1974,42,.90086228,.7672537,.2025945,.044031799,.070174299
1975,42,.9159205,.78208083,.2254048,.056621801,.0644603
1976,42,.91273648,.78019571,.2338272,.071310602,.067714997
1977,42,.91100091,.7714026,.24020579,.060911998,.0585512
1978,42,.90656853,.76299071,.2042686,.074119903,.073761597
1979,42,.89584267,.74407172,.2447716,.084737003,.0697359
1980,42,.89108628,.74085838,.28700569,.1026786,.066123001
1981,42,.88478702,.73224908,.28901911,.1004317,.067957804
1982,42,.88826811,.72890478,.27633989,.1169118,.082618497
1983,42,.8870427,.72345048,.30298701,.1256285,.077510998
1984,42,.88520342,.72340041,.2592296,.140312,.1079466
1985,42,.87554032,.71547413,.2368633,.1441184,.1195768
1986,42,.86958218,.70628452,.26963189,.14005449,.1117934
1987,42,.86435628,.70946741,.27527881,.1200825,.0854799
1988,42,.86010212,.71403319,.2728292,.1196139,.090240702
1989,42,.85807818,.71974158,.27448499,.1277532,.082675099
1990,42,.86452383,.73118079,.2693938,.1142337,.073769197
1991,42,.88056397,.75533819,.24512669,.1222048,.080925196
1992,42,.89296907,.77084768,.2328932,.1416374,.1017389
1993,42,.90007252,.77596891,.20565081,.1260424,.095658898
1994,42,.9066993,.7791723,.1966127,.1255125,.1036584
1995,42,.90580791,.77078801,.1869505,.1190215,.1114211
1996,42,.89657968,.75909472,.1721549,.1122294,.1093659
1997,42,.88732332,.7531687,.1791642,.1074742,.098654203
1998,42,.88459748,.75668901,.1765684,.1122713,.0995261
1999,42,.8730948,.74628401,.20000041,.1171059,.1021257
2000,42,.86875451,.73976642,.22236539,.14482769,.1142111
2001,42,.86703748,.73926133,.23496871,.1603741,.1258965
2002,42,.86154753,.72903109,.25224969,.1856813,.1372028
2003,42,.85310739,.70898658,.2931551,.2029074,.14717621
2004,42,.85662073,.70295107,.27216971,.1876536,.13682459
2005,42,.85566813,.70274597,.25048339,.1738492,.1112356
2006,42,.85733801,.7007193,.22567441,.1675531,.1125409
2007,42,.85946548,.70584452,.2218587,.1785078,.13518851
2008,42,.86055422,.71276999,.2655293,.1078974,.088974297
2009,42,.86022788,.72799039,.26952711,.1195614,.073121801
2010,42,.86012149,.73646271,.3181496,.095448203,.019418901
2011,42,.86293828,.73343468,.34157729,.084482998,.0055935001
2012,42,.87521583,.74722427,.3816179,.1175947,.0221272
2013,42,.87650341,.73916781,.40076599,.18022171,.046105899
2014,42,.88074219,.72571129,.356305,.1753848,.069892898
2015,42,.88846987,.72278941,.3894251,.376026,.2397186
2016,42,.88621759,.71947402,.3687146,.441744,.28907511
2017,42,.88621759,.71947402,.3687146,.441744,.28907511
2018,42,.88621759,.71947402,.3687146,.441744,.28907511
2019,42,.88621759,.71947402,.3687146,.441744,.28907511
2020,42,.88621759,.71947402,.3687146,.441744,.28907511
2021,42,.88621759,.71947402,.3687146,.441744,.28907511
1955,44,.87541902,.73077017,.2122522,.1117806,.069741897
1956,44,.87541902,.73077017,.2122522,.1117806,.069741897
1957,44,.87541902,.73077017,.2122522,.1117806,.069741897
1958,44,.87541902,.73077017,.2122522,.1117806,.069741897
1959,44,.87541902,.73077017,.2122522,.1117806,.069741897
1960,44,.87541902,.73077017,.2122522,.1117806,.069741897
1961,44,.87541902,.73077017,.2122522,.1117806,.069741897
1962,44,.87541902,.73077017,.2122522,.1117806,.069741897
1963,44,.87541902,.73077017,.2122522,.1117806,.069741897
1964,44,.87541902,.73077017,.2122522,.1117806,.069741897
1965,44,.87541902,.73077017,.2122522,.1117806,.069741897
1966,44,.87541902,.73077017,.2122522,.1117806,.069741897
1967,44,.87541902,.73077017,.2122522,.1117806,.069741897
1968,44,.87541902,.73077017,.2122522,.1117806,.069741897
1969,44,.87541902,.73077017,.2122522,.1117806,.069741897
1970,44,.8835513,.70924687,.27691671,.1316386,.062117599
1971,44,.87399632,.70117849,.30328229,.1284242,.062361401
1972,44,.86014938,.69302708,.30960301,.088351399,.0713441
1973,44,.84662813,.69572401,.2711499,.0580181,.074487098
1974,44,.84085017,.70033401,.2365337,.073339097,.0819804
1975,44,.83796012,.70529318,.22071721,.1116621,.091370299
1976,44,.83354342,.70926517,.2355115,.089098103,.044096898
1977,44,.83350188,.71867383,.2324626,.1152074,.0531202
1978,44,.83267027,.71867329,.2428747,.1490297,.066166602
1979,44,.82798111,.71737647,.27476439,.1675456,.063157901
1980,44,.83453888,.72390091,.2066538,.1533145,.094546601
1981,44,.83179128,.71644098,.1716177,.1734049,.1532618
1982,44,.82993942,.70664197,.1789742,.14086699,.13352069
1983,44,.8397218,.70836192,.2113823,.1071837,.1110822
1984,44,.84405339,.70633483,.2116985,.1114995,.106665
1985,44,.83316702,.69957417,.2344891,.14340299,.083464801
1986,44,.8366906,.69960141,.25626901,.1471885,.073388301
1987,44,.83049041,.69629377,.2551187,.158935,.066382103
1988,44,.82668471,.69463831,.25662899,.16462541,.067885302
1989,44,.8184123,.69283801,.26129219,.17855559,.070277698
1990,44,.81936121,.69020373,.26106021,.1714382,.081711203
1991,44,.81649321,.69287598,.2391905,.17056119,.095041998
1992,44,.81580848,.6929003,.2461174,.17366379,.098439798
1993,44,.81408012,.6909911,.25599629,.1617483,.087005697
1994,44,.80847847,.6884504,.25291091,.1332937,.072090797
1995,44,.80019248,.68053502,.27511841,.1432333,.067647398
1996,44,.79176122,.66952491,.2988545,.1595501,.075000703
1997,44,.78578442,.66578108,.2777316,.1781977,.083709002
1998,44,.78712732,.667211,.2722607,.1816154,.080812998
1999,44,.78984898,.66739959,.290387,.1760233,.12841649
2000,44,.79565197,.66995621,.28558189,.1715406,.1231693
2001,44,.80474818,.67541307,.27120149,.17243379,.12632971
2002,44,.81723291,.68299812,.30100629,.1596662,.1199381
2003,44,.82375532,.68416798,.33041441,.15100861,.1127597
2004,44,.82634968,.68838233,.3392157,.1809765,.0229163
2005,44,.82992619,.69797891,.4140783,.2226021,.033498701
2006,44,.83104348,.69938612,.38774031,.18278819,.063326001
2007,44,.8392244,.70488483,.40627271,.2130674,.0542458
2008,44,.84511191,.69908178,.43300489,.240354,.1154226
2009,44,.85279298,.70102042,.41860679,.2205279,.1179132
2010,44,.84723669,.68962681,.38440201,.19221181,.1221626
2011,44,.83402419,.69058633,.38609111,.24779131,.1043166
2012,44,.81871378,.68610537,.3447206,.19672941,.1385953
2013,44,.80145657,.68288243,.3347804,.2054812,.1087957
2014,44,.78492701,.6770485,.33570269,.2311985,.1235753
2015,44,.7762478,.67735022,.3427653,.2487288,.1029125
2016,44,.77106959,.67177051,.3670918,.2331019,.081241198
2017,44,.77106959,.67177051,.3670918,.2331019,.081241198
2018,44,.77106959,.67177051,.3670918,.2331019,.081241198
2019,44,.77106959,.67177051,.3670918,.2331019,.081241198
2020,44,.77106959,.67177051,.3670918,.2331019,.081241198
2021,44,.77106959,.67177051,.3670918,.2331019,.081241198
1955,45,.90596551,.70553988,.1733299,.076015703,.094707802
1956,45,.90596551,.70553988,.1733299,.076015703,.094707802
1957,45,.90596551,.70553988,.1733299,.076015703,.094707802
1958,45,.90596551,.70553988,.1733299,.076015703,.094707802
1959,45,.90596551,.70553988,.1733299,.076015703,.094707802
1960,45,.90596551,.70553988,.1733299,.076015703,.094707802
1961,45,.90596551,.70553988,.1733299,.076015703,.094707802
1962,45,.90596551,.70553988,.1733299,.076015703,.094707802
1963,45,.90596551,.70553988,.1733299,.076015703,.094707802
1964,45,.90596551,.70553988,.1733299,.076015703,.094707802
1965,45,.90596551,.70553988,.1733299,.076015703,.094707802
1966,45,.90596551,.70553988,.1733299,.076015703,.094707802
1967,45,.90596551,.70553988,.1733299,.076015703,.094707802
1968,45,.90596551,.70553988,.1733299,.076015703,.094707802
1969,45,.90596551,.70553988,.1733299,.076015703,.094707802
1970,45,.86850119,.62764001,.2573283,.060639501,.090625599
1971,45,.8597582,.61783433,.2795797,.039533,.081804603
1972,45,.86477262,.62229609,.31062329,.0274352,.088995099
1973,45,.89421839,.64227033,.3115792,.14851721,.080674298
1974,45,.90649962,.66206729,.34824941,.17697451,.075494297
1975,45,.90619183,.69018108,.30945531,.163085,.1084335
1976,45,.90112579,.71376657,.31581369,.087009698,.047197599
1977,45,.89980757,.72110128,.3091307,.065923199,.051231999
1978,45,.8950668,.72622001,.30333501,.038012899,.057245798
1979,45,.88372988,.72580308,.27057481,.053047702,.0616193
1980,45,.86655438,.72135448,.3023847,.089048997,.063666001
1981,45,.85233682,.69815332,.27903199,.14818481,.1498352
1982,45,.83414108,.68683362,.2730445,.1956647,.13941251
1983,45,.84002751,.67934948,.2631779,.16875461,.1227254
1984,45,.84248692,.67366058,.302434,.15641101,.114479
1985,45,.85922009,.67341483,.30777541,.1081864,.0860155
1986,45,.85942572,.67342192,.31479669,.092937998,.068543099
1987,45,.85223532,.66664648,.3301096,.0958241,.078406997
1988,45,.84148711,.66511929,.30490401,.1111976,.092273198
1989,45,.83608931,.66489619,.2868624,.14211249,.1112192
1990,45,.83366859,.66865772,.28040019,.1649382,.123602
1991,45,.83264571,.66636157,.23918711,.1636214,.1198951
1992,45,.83223218,.67175257,.2157889,.1612751,.1189147
1993,45,.83074629,.67092568,.25173229,.1686215,.1106494
1994,45,.83555859,.6634919,.2455167,.16651049,.1122328
1995,45,.82542181,.65118277,.25319701,.16130909,.108622
1996,45,.82396919,.66190279,.24727909,.1469506,.1022461
1997,45,.83050889,.68001437,.2076647,.097890303,.049098101
1998,45,.84903222,.72107351,.1874467,.0589322,.0090893004
1999,45,.85512781,.73890811,.2237172,.027809201,-.032407999
2000,45,.86793691,.75590152,.1910146,.021505401,-.032316301
2001,45,.87406409,.75739223,.2040913,.0010739,-.0550851
2002,45,.88006699,.76731849,.16018941,.0174562,.0146061
2003,45,.87100911,.728499,.2037971,.1028154,.085532501
2004,45,.85980278,.71801752,.20387369,.1415029,.0856613
2005,45,.85340887,.71449828,.29366621,.16482431,.049645498
2006,45,.85767692,.72554672,.28868729,.1712589,.053832602
2007,45,.85375661,.72074991,.3247588,.1949148,.071152203
2008,45,.84041882,.72911167,.29779699,.2473786,.1079029
2009,45,.85024738,.74236518,.25521979,.294135,.2109587
2010,45,.85715479,.75176471,.2793217,.1690374,.1408391
2011,45,.86330873,.75850087,.2622965,.1178224,.079852298
2012,45,.86956137,.76854312,.1105303,.088957302,.069922097
2013,45,.88367927,.78819972,.17614,-.092445403,-.1253673
2014,45,.89130312,.78256577,.228848,-.1000599,-.1566672
2015,45,.89836413,.784729,.054372199,-.099991597,-.1010497
2016,45,.9012509,.78299862,.046284899,-.1076908,-.1183415
2017,45,.9012509,.78299862,.046284899,-.1076908,-.1183415
2018,45,.9012509,.78299862,.046284899,-.1076908,-.1183415
2019,45,.9012509,.78299862,.046284899,-.1076908,-.1183415
2020,45,.9012509,.78299862,.046284899,-.1076908,-.1183415
2021,45,.9012509,.78299862,.046284899,-.1076908,-.1183415
1955,48,.85658431,.78380072,.0881873,.1878171,.18042751
1956,48,.85658431,.78380072,.0881873,.1878171,.18042751
1957,48,.85658431,.78380072,.0881873,.1878171,.18042751
1958,48,.85658431,.78380072,.0881873,.1878171,.18042751
1959,48,.85658431,.78380072,.0881873,.1878171,.18042751
1960,48,.85658431,.78380072,.0881873,.1878171,.18042751
1961,48,.85658431,.78380072,.0881873,.1878171,.18042751
1962,48,.85658431,.78380072,.0881873,.1878171,.18042751
1963,48,.85658431,.78380072,.0881873,.1878171,.18042751
1964,48,.85658431,.78380072,.0881873,.1878171,.18042751
1965,48,.85658431,.78380072,.0881873,.1878171,.18042751
1966,48,.85658431,.78380072,.0881873,.1878171,.18042751
1967,48,.85658431,.78380072,.0881873,.1878171,.18042751
1968,48,.85658431,.78380072,.0881873,.1878171,.18042751
1969,48,.85658431,.78380072,.0881873,.1878171,.18042751
1970,48,.83656448,.78865051,.081739701,.27311,.2492404
1971,48,.84942752,.78782052,.13615049,.28461051,.25065169
1972,48,.84879482,.77811658,.1976532,.2374595,.2110734
1973,48,.84773189,.77617449,.2061218,.2147686,.19637769
1974,48,.83122241,.74749392,.2448137,.2088055,.1825835
1975,48,.82661039,.73620182,.2387391,.1945594,.2006975
1976,48,.8134613,.72094941,.25860929,.2157345,.2084578
1977,48,.82041448,.71961141,.2025495,.2164561,.1948994
1978,48,.82475263,.71810371,.1391042,.218977,.19648071
1979,48,.82639408,.71774191,.082018703,.1904965,.16040181
1980,48,.83588111,.72699451,.0704953,.17056809,.1335897
1981,48,.8368057,.72717452,.0528972,.1181665,.1117192
1982,48,.83553231,.71078181,.0714636,.0935774,.1178175
1983,48,.83418298,.69615942,.090267397,.063074604,.0861983
1984,48,.84567672,.70255709,.13477311,.047015902,.083529703
1985,48,.84732431,.69020009,.17467719,.035142001,.0611418
1986,48,.84792411,.68879223,.2243834,.075587898,.070211597
1987,48,.84625489,.69510072,.22611099,.097162902,.0765002
1988,48,.84892511,.7141754,.2200442,.097446099,.071437597
1989,48,.84923708,.71528292,.22815029,.1106707,.076469503
1990,48,.85861582,.72631001,.22110879,.1308759,.078949898
1991,48,.86839747,.72623408,.2050284,.1165535,.063702703
1992,48,.87613869,.72245681,.2277016,.091253802,.049051199
1993,48,.8741833,.70790648,.2482307,.066627897,.0051865
1994,48,.87295491,.70871878,.2624554,.0413546,-.0060025002
1995,48,.87299758,.71660662,.2452738,.058308601,.017119501
1996,48,.88515288,.73193198,.26490471,.070575103,.022918999
1997,48,.88724232,.71792817,.26298389,.078185901,.034633599
1998,48,.8931278,.73918402,.22052591,.119155,.086186402
1999,48,.88762951,.75037622,.20395041,.1387268,.1059928
2000,48,.88927507,.76010817,.2354531,.15837011,.1018009
2001,48,.87240028,.74159479,.21991239,.1811955,.1236947
2002,48,.86492938,.76939362,.1809113,.21320739,.1589628
2003,48,.85783631,.74946457,.24893799,.1741498,.1491639
2004,48,.84269649,.72932398,.1824404,.1784163,.1677442
2005,48,.82986099,.74781942,.145761,.1752748,.1616139
2006,48,.81311291,.7513395,.1681478,.18162461,.1507878
2007,48,.81236881,.75921589,.14214461,.1703147,.1476751
2008,48,.80328548,.75363362,.1359179,.1829965,.14085931
2009,48,.80256999,.75541449,.1931915,.18264081,.1284648
2010,48,.80180991,.73984152,.188796,.196463,.1489398
2011,48,.81753212,.75866061,.1299478,.1206557,.1118348
2012,48,.82364398,.79270327,.1604417,.073942803,.055488098
2013,48,.82593822,.8065573,.21768279,.092188001,.062240899
2014,48,.83423018,.82081968,.2163907,.092696197,.061439801
2015,48,.83902973,.83328599,.2458062,.089240797,.056923501
2016,48,.84045142,.831846,.2564685,.083283499,.0518107
2017,48,.84045142,.831846,.2564685,.083283499,.0518107
2018,48,.84045142,.831846,.2564685,.083283499,.0518107
2019,48,.84045142,.831846,.2564685,.083283499,.0518107
2020,48,.84045142,.831846,.2564685,.083283499,.0518107
2021,48,.84045142,.831846,.2564685,.083283499,.0518107
1955,49,.85658431,.78380072,.0881873,.1878171,.18042751
1956,49,.85658431,.78380072,.0881873,.1878171,.18042751
1957,49,.85658431,.78380072,.0881873,.1878171,.18042751
1958,49,.85658431,.78380072,.0881873,.1878171,.18042751
1959,49,.85658431,.78380072,.0881873,.1878171,.18042751
1960,49,.85658431,.78380072,.0881873,.1878171,.18042751
1961,49,.85658431,.78380072,.0881873,.1878171,.18042751
1962,49,.85658431,.78380072,.0881873,.1878171,.18042751
1963,49,.85658431,.78380072,.0881873,.1878171,.18042751
1964,49,.85658431,.78380072,.0881873,.1878171,.18042751
1965,49,.85658431,.78380072,.0881873,.1878171,.18042751
1966,49,.85658431,.78380072,.0881873,.1878171,.18042751
1967,49,.85658431,.78380072,.0881873,.1878171,.18042751
1968,49,.85658431,.78380072,.0881873,.1878171,.18042751
1969,49,.85658431,.78380072,.0881873,.1878171,.18042751
1970,49,.83656448,.78865051,.081739701,.27311,.2492404
1971,49,.84942752,.78782052,.13615049,.28461051,.25065169
1972,49,.84879482,.77811658,.1976532,.2374595,.2110734
1973,49,.84773189,.77617449,.2061218,.2147686,.19637769
1974,49,.83122241,.74749392,.2448137,.2088055,.1825835
1975,49,.82661039,.73620182,.2387391,.1945594,.2006975
1976,49,.8134613,.72094941,.25860929,.2157345,.2084578
1977,49,.82041448,.71961141,.2025495,.2164561,.1948994
1978,49,.82475263,.71810371,.1391042,.218977,.19648071
1979,49,.82639408,.71774191,.082018703,.1904965,.16040181
1980,49,.83588111,.72699451,.0704953,.17056809,.1335897
1981,49,.8368057,.72717452,.0528972,.1181665,.1117192
1982,49,.83553231,.71078181,.0714636,.0935774,.1178175
1983,49,.83418298,.69615942,.090267397,.063074604,.0861983
1984,49,.84567672,.70255709,.13477311,.047015902,.083529703
1985,49,.84732431,.69020009,.17467719,.035142001,.0611418
1986,49,.84792411,.68879223,.2243834,.075587898,.070211597
1987,49,.84625489,.69510072,.22611099,.097162902,.0765002
1988,49,.84892511,.7141754,.2200442,.097446099,.071437597
1989,49,.84923708,.71528292,.22815029,.1106707,.076469503
1990,49,.85861582,.72631001,.22110879,.1308759,.078949898
1991,49,.86839747,.72623408,.2050284,.1165535,.063702703
1992,49,.87613869,.72245681,.2277016,.091253802,.049051199
1993,49,.8741833,.70790648,.2482307,.066627897,.0051865
1994,49,.87295491,.70871878,.2624554,.0413546,-.0060025002
1995,49,.87299758,.71660662,.2452738,.058308601,.017119501
1996,49,.88515288,.73193198,.26490471,.070575103,.022918999
1997,49,.88724232,.71792817,.26298389,.078185901,.034633599
1998,49,.8931278,.73918402,.22052591,.119155,.086186402
1999,49,.88762951,.75037622,.20395041,.1387268,.1059928
2000,49,.88927507,.76010817,.2354531,.15837011,.1018009
2001,49,.87240028,.74159479,.21991239,.1811955,.1236947
2002,49,.86492938,.76939362,.1809113,.21320739,.1589628
2003,49,.85783631,.74946457,.24893799,.1741498,.1491639
2004,49,.84269649,.72932398,.1824404,.1784163,.1677442
2005,49,.82986099,.74781942,.145761,.1752748,.1616139
2006,49,.81311291,.7513395,.1681478,.18162461,.1507878
2007,49,.81236881,.75921589,.14214461,.1703147,.1476751
2008,49,.80328548,.75363362,.1359179,.1829965,.14085931
2009,49,.80256999,.75541449,.1931915,.18264081,.1284648
2010,49,.80180991,.73984152,.188796,.196463,.1489398
2011,49,.81753212,.75866061,.1299478,.1206557,.1118348
2012,49,.82364398,.79270327,.1604417,.073942803,.055488098
2013,49,.82593822,.8065573,.21768279,.092188001,.062240899
2014,49,.83423018,.82081968,.2163907,.092696197,.061439801
2015,49,.83902973,.83328599,.2458062,.089240797,.056923501
2016,49,.84045142,.831846,.2564685,.083283499,.0518107
2017,49,.84045142,.831846,.2564685,.083283499,.0518107
2018,49,.84045142,.831846,.2564685,.083283499,.0518107
2019,49,.84045142,.831846,.2564685,.083283499,.0518107
2020,49,.84045142,.831846,.2564685,.083283499,.0518107
2021,49,.84045142,.831846,.2564685,.083283499,.0518107
1955,51,.79611999,.54586607,.31557181,.1561041,.1605012
1956,51,.79611999,.54586607,.31557181,.1561041,.1605012
1957,51,.79611999,.54586607,.31557181,.1561041,.1605012
1958,51,.79611999,.54586607,.31557181,.1561041,.1605012
1959,51,.79611999,.54586607,.31557181,.1561041,.1605012
1960,51,.79611999,.54586607,.31557181,.1561041,.1605012
1961,51,.79611999,.54586607,.31557181,.1561041,.1605012
1962,51,.79611999,.54586607,.31557181,.1561041,.1605012
1963,51,.79611999,.54586607,.31557181,.1561041,.1605012
1964,51,.79611999,.54586607,.31557181,.1561041,.1605012
1965,51,.79611999,.54586607,.31557181,.1561041,.1605012
1966,51,.79611999,.54586607,.31557181,.1561041,.1605012
1967,51,.79611999,.54586607,.31557181,.1561041,.1605012
1968,51,.79611999,.54586607,.31557181,.1561041,.1605012
1969,51,.79611999,.54586607,.31557181,.1561041,.1605012
1970,51,.81304389,.56438029,.32777789,.15827841,.17222141
1971,51,.82172418,.56299818,.3335526,.1460267,.1805456
1972,51,.82620782,.57247919,.3670046,.195151,.1253975
1973,51,.82852572,.57889038,.42726129,.2103433,.083359703
1974,51,.83840978,.57822698,.3920199,.2043391,.1227995
1975,51,.83927149,.57792407,.33183599,.23240221,.1280154
1976,51,.83194458,.57254899,.34501591,.2287731,.1316659
1977,51,.82471478,.5701018,.33201021,.2457356,.1399204
1978,51,.82059097,.57035673,.28543389,.25524709,.1540858
1979,51,.81897992,.5724867,.33371371,.29149911,.15743969
1980,51,.81625032,.57115698,.28146169,.29656649,.1818264
1981,51,.81853169,.5806337,.2974771,.29806259,.1668247
1982,51,.82073498,.58013761,.31070951,.2173353,.12516651
1983,51,.82284558,.57836467,.36366409,.1936534,.13731369
1984,51,.82365739,.59004301,.3465327,.1877123,.1451548
1985,51,.82432407,.6037572,.3413941,.17592929,.14121971
1986,51,.8296001,.61827928,.31047609,.16304369,.14512999
1987,51,.82331228,.62131917,.3041451,.17594071,.14918169
1988,51,.82213992,.62770659,.28761959,.17934521,.1224578
1989,51,.82060587,.62658328,.31079069,.1815623,.1106838
1990,51,.8127858,.61449391,.32260719,.1975411,.1139222
1991,51,.80363172,.59777552,.34506711,.21490639,.10658
1992,51,.81233948,.60009652,.329413,.20987649,.090241402
1993,51,.81219089,.60531759,.3359504,.2038994,.1009548
1994,51,.80750787,.60218751,.32079911,.17957561,.1026931
1995,51,.80800992,.61069107,.31511229,.1694248,.1108045
1996,51,.80327177,.6144402,.3326931,.14059331,.088935196
1997,51,.79381108,.612216,.30174831,.1251352,.071263202
1998,51,.7986716,.62474239,.2264424,.094041303,.047736999
1999,51,.79399562,.61796671,.27979061,.14958531,.1042958
2000,51,.77950329,.59379661,.31108451,.1598627,.1065009
2001,51,.7599169,.56993967,.31863421,.1804028,.1115555
2002,51,.74863201,.55770469,.36483669,.206246,.122214
2003,51,.72731757,.53309667,.55235022,.3267335,.2050564
2004,51,.7196672,.52872437,.51861978,.31050679,.1674363
2005,51,.7196576,.53833061,.46981841,.25728059,.1092311
2006,51,.7361899,.55259073,.4396672,.224536,.1009916
2007,51,.74454612,.55556118,.43658209,.20634539,.083974302
2008,51,.74567938,.54742622,.4518148,.213351,.086057797
2009,51,.75473273,.54066002,.4909513,.21838979,.0565916
2010,51,.76988941,.54087561,.53260368,.2968511,.088643603
2011,51,.77874613,.53265041,.49466649,.35427409,.1536233
2012,51,.76034331,.52069002,.46079269,.40066949,.17315391
2013,51,.75572461,.52156699,.46205169,.4078311,.1636578
2014,51,.74284571,.51326978,.49146721,.34738901,.1409907
2015,51,.73503041,.5051223,.45001289,.308447,.13901611
2016,51,.71631128,.50019628,.46757239,.2412428,.062043302
2017,51,.71631128,.50019628,.46757239,.2412428,.062043302
2018,51,.71631128,.50019628,.46757239,.2412428,.062043302
2019,51,.71631128,.50019628,.46757239,.2412428,.062043302
2020,51,.71631128,.50019628,.46757239,.2412428,.062043302
2021,51,.71631128,.50019628,.46757239,.2412428,.062043302
1955,52,.95941472,.82709748,.1734948,.0063107,.033927198
1956,52,.95941472,.82709748,.1734948,.0063107,.033927198
1957,52,.95941472,.82709748,.1734948,.0063107,.033927198
1958,52,.95941472,.82709748,.1734948,.0063107,.033927198
1959,52,.95941472,.82709748,.1734948,.0063107,.033927198
1960,52,.95941472,.82709748,.1734948,.0063107,.033927198
1961,52,.95941472,.82709748,.1734948,.0063107,.033927198
1962,52,.95941472,.82709748,.1734948,.0063107,.033927198
1963,52,.95941472,.82709748,.1734948,.0063107,.033927198
1964,52,.95941472,.82709748,.1734948,.0063107,.033927198
1965,52,.95941472,.82709748,.1734948,.0063107,.033927198
1966,52,.95941472,.82709748,.1734948,.0063107,.033927198
1967,52,.95941472,.82709748,.1734948,.0063107,.033927198
1968,52,.95941472,.82709748,.1734948,.0063107,.033927198
1969,52,.95941472,.82709748,.1734948,.0063107,.033927198
1970,52,.9204914,.77862889,.1767043,.1338757,.1496948
1971,52,.90582371,.76111799,.1732111,.1508171,.18626811
1972,52,.89703047,.75425822,.1179048,.13549849,.1921289
1973,52,.91015649,.73448128,.075895302,.1568823,.25024861
1974,52,.90920722,.73190308,.083126299,.054356199,.16229381
1975,52,.90993959,.74784321,.1381606,.089878902,.1188849
1976,52,.91865849,.76034361,.1481259,.086622402,.069540501
1977,52,.91320813,.78572929,.19113301,.1080018,.068010099
1978,52,.90973479,.79018283,.2454221,.094288401,.058806401
1979,52,.89043492,.7545321,.3657321,-.030959699,-.0785207
1980,52,.87089157,.74264228,.3634195,-.0153396,-.060300499
1981,52,.85970259,.75181162,.39961621,.003945,-.062826402
1982,52,.87040472,.74996722,.36204419,.037690401,-.0141432
1983,52,.85040468,.70720792,.2311255,.084016502,.049624901
1984,52,.86968768,.75169188,.1517285,.15989231,.14933421
1985,52,.86775142,.73210287,.18108641,.1690941,.14392769
1986,52,.86502641,.70759797,.2019643,.1646499,.1450893
1987,52,.86014581,.6956625,.229977,.1504159,.1241687
1988,52,.8680802,.68542922,.25262591,.15086371,.1379116
1989,52,.85581481,.63333458,.3382234,.1044768,.1022032
1990,52,.84648818,.62684143,.40802521,.1129889,.089663602
1991,52,.85658097,.63331741,.38231859,.086028099,.061138902
1992,52,.86642033,.64780968,.3513208,.1068085,.078657798
1993,52,.86413431,.66489702,.3961539,.089630596,.0337434
1994,52,.86684263,.67842138,.36237651,.1268855,.048649099
1995,52,.86380702,.68888527,.28293261,.1113307,.079923302
1996,52,.86582541,.72469848,.30295601,.090461299,.067134403
1997,52,.88169581,.76421672,.2684274,.064001702,.0373898
1998,52,.88773268,.78548908,.23192909,.050620601,.0295728
1999,52,.89316922,.79029781,.29350951,.042463601,.0079376996
2000,52,.89690697,.78894508,.330111,.0282818,-.0108752
2001,52,.88151491,.74805772,.41551989,.070741199,-.019331699
2002,52,.85247678,.69343859,.57073379,.13398901,.048513498
2003,52,.84220213,.65718472,.60048783,.1127682,.016349601
2004,52,.83002943,.65562838,.54414457,.1027471,.047597099
2005,52,.82249862,.65830362,.53203058,.1108064,.0182076
2006,52,.82159251,.66810453,.46538869,.1096061,.0329074
2007,52,.81259269,.66776848,.47590619,.0992008,.0083125001
2008,52,.8070479,.66497773,.49000379,.2103119,.1185905
2009,52,.80782288,.65667051,.53194958,.173641,.054894101
2010,52,.80088681,.62322718,.46759471,.2421723,.1663606
2011,52,.78616399,.59289312,.4124752,.237444,.1553154
2012,52,.78739089,.57998449,.39348209,.2513144,.15337481
2013,52,.80755949,.58885312,.3043322,.20076659,.096904397
2014,52,.80723172,.58194691,.33246651,.2446686,.1067744
2015,52,.8116343,.58746618,.3890602,.1560591,-.025493501
2016,52,.8321479,.60125941,.45218971,.1066983,-.073949002
2017,52,.8321479,.60125941,.45218971,.1066983,-.073949002
2018,52,.8321479,.60125941,.45218971,.1066983,-.073949002
2019,52,.8321479,.60125941,.45218971,.1066983,-.073949002
2020,52,.8321479,.60125941,.45218971,.1066983,-.073949002
2021,52,.8321479,.60125941,.45218971,.1066983,-.073949002
1955,53,.84301531,.67669719,.36654779,.1578851,.1050581
1956,53,.84301531,.67669719,.36654779,.1578851,.1050581
1957,53,.84301531,.67669719,.36654779,.1578851,.1050581
1958,53,.84301531,.67669719,.36654779,.1578851,.1050581
1959,53,.84301531,.67669719,.36654779,.1578851,.1050581
1960,53,.84301531,.67669719,.36654779,.1578851,.1050581
1961,53,.84301531,.67669719,.36654779,.1578851,.1050581
1962,53,.84301531,.67669719,.36654779,.1578851,.1050581
1963,53,.84301531,.67669719,.36654779,.1578851,.1050581
1964,53,.84301531,.67669719,.36654779,.1578851,.1050581
1965,53,.84301531,.67669719,.36654779,.1578851,.1050581
1966,53,.84301531,.67669719,.36654779,.1578851,.1050581
1967,53,.84301531,.67669719,.36654779,.1578851,.1050581
1968,53,.84301531,.67669719,.36654779,.1578851,.1050581
1969,53,.84301531,.67669719,.36654779,.1578851,.1050581
1970,53,.86203003,.66563302,.4090881,.1815691,.1016441
1971,53,.85605621,.66112012,.3264333,.1628639,.1038705
1972,53,.8394134,.64728308,.25904539,.19453511,.15994699
1973,53,.83114493,.64029741,.24219041,.24105901,.1776038
1974,53,.8539899,.65003818,.1842048,.25977269,.1891014
1975,53,.85597831,.63323128,.19550949,.2941992,.28092369
1976,53,.84796828,.61689222,.21230219,.33647159,.2771056
1977,53,.86091328,.63766909,.30013329,.28989229,.2048215
1978,53,.85389793,.62594038,.23547859,.3087725,.2091786
1979,53,.83149171,.59502119,.267708,.28389019,.1793727
1980,53,.81664449,.5977425,.2392097,.30550921,.19882441
1981,53,.82104808,.61921072,.251405,.22341619,.1768534
1982,53,.79926872,.59333718,.32968709,.1932518,.17009179
1983,53,.79568309,.58352989,.4508495,.189668,.1725211
1984,53,.8290478,.59785622,.40860751,.2016803,.16936889
1985,53,.83396101,.5949316,.45278069,.15723971,.1197987
1986,53,.84421521,.5930146,.4267422,.1955514,.1759256
1987,53,.86182791,.59018552,.30765101,.20254201,.2063081
1988,53,.86773568,.59659642,.32450071,.2013564,.2022126
1989,53,.85892951,.58938408,.27190429,.16911051,.1924106
1990,53,.87371123,.58530623,.2378885,.1411873,.2135773
1991,53,.86366987,.58986318,.24329621,.089671701,.1416543
1992,53,.8551684,.59136689,.26165959,.15163191,.1847299
1993,53,.85858649,.60111338,.1843062,.1242949,.1930622
1994,53,.85421151,.609061,.2073043,.28254381,.35104549
1995,53,.83309031,.6005891,.2729556,.23851299,.28993741
1996,53,.83974099,.5924871,.2642422,.2066405,.28519881
1997,53,.84123379,.59421492,.27584419,.13914271,.2420167
1998,53,.84128708,.58821088,.3312358,.1785174,.1965524
1999,53,.84006202,.58696717,.36554459,.15770289,.15141191
2000,53,.83913833,.58931112,.32594189,.19581459,.1936989
2001,53,.84905589,.60009658,.34676629,.193582,.1832432
2002,53,.85358638,.6159569,.33201519,.1466004,.1517643
2003,53,.85074061,.59700388,.27996859,.26892191,.34784499
2004,53,.83283639,.55669433,.35615921,.24733201,.35451421
2005,53,.8369059,.54757071,.3522948,.24613699,.32576191
2006,53,.83511567,.51923633,.3537963,.2354534,.33364379
2007,53,.82605052,.48928979,.365861,.4171263,.50143588
2008,53,.83683032,.50089258,.4591853,.16237,.2178307
2009,53,.84353578,.50688791,.4582921,.20163,.2730037
2010,53,.84415781,.53025258,.42012939,.25772351,.29086009
2011,53,.84005111,.56731862,.4305684,.2210348,.17333239
2012,53,.84814823,.6097104,.47093531,.1197536,.072500102
2013,53,.86100757,.62898493,.3954587,.087976202,.0301615
2014,53,.86231089,.64293712,.42561141,.020036601,-.059014201
2015,53,.86491221,.65341371,.41897619,-.0171581,-.085050598
2016,53,.86616337,.65877849,.48572701,-.037471399,-.1204533
2017,53,.86616337,.65877849,.48572701,-.037471399,-.1204533
2018,53,.86616337,.65877849,.48572701,-.037471399,-.1204533
2019,53,.86616337,.65877849,.48572701,-.037471399,-.1204533
2020,53,.86616337,.65877849,.48572701,-.037471399,-.1204533
2021,53,.86616337,.65877849,.48572701,-.037471399,-.1204533
1955,54,.91539341,.74351639,.2782791,.0511522,.0295636
1956,54,.91539341,.74351639,.2782791,.0511522,.0295636
1957,54,.91539341,.74351639,.2782791,.0511522,.0295636
1958,54,.91539341,.74351639,.2782791,.0511522,.0295636
1959,54,.91539341,.74351639,.2782791,.0511522,.0295636
1960,54,.91539341,.74351639,.2782791,.0511522,.0295636
1961,54,.91539341,.74351639,.2782791,.0511522,.0295636
1962,54,.91539341,.74351639,.2782791,.0511522,.0295636
1963,54,.91539341,.74351639,.2782791,.0511522,.0295636
1964,54,.91539341,.74351639,.2782791,.0511522,.0295636
1965,54,.91539341,.74351639,.2782791,.0511522,.0295636
1966,54,.91539341,.74351639,.2782791,.0511522,.0295636
1967,54,.91539341,.74351639,.2782791,.0511522,.0295636
1968,54,.91539341,.74351639,.2782791,.0511522,.0295636
1969,54,.91539341,.74351639,.2782791,.0511522,.0295636
1970,54,.90265989,.77789748,.2722033,.0259037,.010595
1971,54,.90060061,.76970601,.26984441,.036547702,.0018768
1972,54,.89077228,.76716769,.2484173,.0161414,.0539313
1973,54,.87881279,.75661629,.28780681,-.0168577,.0193872
1974,54,.88699162,.75100678,.2321959,.088796802,.042734601
1975,54,.88446611,.73686302,.26880279,.076390103,.0207767
1976,54,.87237418,.71362138,.29855639,.069580302,-.0022024999
1977,54,.85901183,.68403322,.31595609,.082472503,.0042332001
1978,54,.85335571,.67404759,.3134363,.098791502,.0200077
1979,54,.84048998,.66101819,.32481411,.1192311,.065123104
1980,54,.82594389,.64897251,.28306681,.1450361,.1010691
1981,54,.82930273,.65266019,.2779249,.1354976,.1184496
1982,54,.83216399,.6655547,.28499031,.18401051,.1229643
1983,54,.83634102,.66809863,.2991468,.1921014,.1377044
1984,54,.85724288,.67929763,.32193241,.1869017,.1303762
1985,54,.87073451,.68088847,.31390291,.1860912,.1246017
1986,54,.87082368,.67783737,.32500309,.2141643,.1314023
1987,54,.87080967,.68827122,.3400498,.22357319,.1236574
1988,54,.86492932,.68438971,.3424443,.23542809,.1197965
1989,54,.84754717,.67476839,.32331699,.2144296,.1195261
1990,54,.83179271,.67132962,.33221501,.20178939,.1106417
1991,54,.82734478,.68045533,.27273181,.15923411,.1144199
1992,54,.82314998,.67464471,.26072341,.1636572,.1114717
1993,54,.82096893,.66689771,.27344951,.16591071,.1155842
1994,54,.8115381,.66123021,.2716825,.1625655,.1124713
1995,54,.81271392,.65937251,.31495619,.1709718,.1032908
1996,54,.81481719,.65907812,.34039071,.19392189,.098645099
1997,54,.81868339,.66797072,.3285878,.1946788,.098592602
1998,54,.82625252,.69061267,.2641384,.18546879,.088744
1999,54,.81855547,.69109088,.2891601,.19315,.0921508
2000,54,.80707431,.6845566,.28423581,.2117015,.094812497
2001,54,.79369342,.67481542,.30250701,.2027543,.072648503
2002,54,.77807128,.6684981,.31636921,.2067776,.078276001
2003,54,.76364827,.65595722,.42796841,.2156361,.1037836
2004,54,.7697413,.65458691,.41411701,.25023451,.12587599
2005,54,.76570058,.65651208,.40242279,.25826141,.140953
2006,54,.75537258,.65315181,.372145,.27602139,.1681446
2007,54,.74307323,.64177722,.3612012,.21805599,.1217241
2008,54,.73290569,.62861651,.42257491,.246043,.1126798
2009,54,.7152167,.60750133,.48243091,.2168842,.086064599
2010,54,.70728701,.588624,.51583332,.19330481,.076011904
2011,54,.71079069,.58277601,.4788059,.2183947,.080832303
2012,54,.70970643,.57838392,.4364295,.21833301,.067095898
2013,54,.70428193,.573412,.34306499,.2074067,.1138329
2014,54,.71432149,.58436781,.33887759,.2349413,.1275107
2015,54,.71653789,.58680141,.32182899,.24294209,.14187381
2016,54,.71116632,.58497459,.35143611,.222224,.1388869
2017,54,.71116632,.58497459,.35143611,.222224,.1388869
2018,54,.71116632,.58497459,.35143611,.222224,.1388869
2019,54,.71116632,.58497459,.35143611,.222224,.1388869
2020,54,.71116632,.58497459,.35143611,.222224,.1388869
2021,54,.71116632,.58497459,.35143611,.222224,.1388869
1955,56,.90120852,.69956023,.298931,.15169971,.0707203
1956,56,.90120852,.69956023,.298931,.15169971,.0707203
1957,56,.90120852,.69956023,.298931,.15169971,.0707203
1958,56,.90120852,.69956023,.298931,.15169971,.0707203
1959,56,.90120852,.69956023,.298931,.15169971,.0707203
1960,56,.90120852,.69956023,.298931,.15169971,.0707203
1961,56,.90120852,.69956023,.298931,.15169971,.0707203
1962,56,.90120852,.69956023,.298931,.15169971,.0707203
1963,56,.90120852,.69956023,.298931,.15169971,.0707203
1964,56,.90120852,.69956023,.298931,.15169971,.0707203
1965,56,.90120852,.69956023,.298931,.15169971,.0707203
1966,56,.90120852,.69956023,.298931,.15169971,.0707203
1967,56,.90120852,.69956023,.298931,.15169971,.0707203
1968,56,.90120852,.69956023,.298931,.15169971,.0707203
1969,56,.90120852,.69956023,.298931,.15169971,.0707203
1970,56,.9000563,.71749079,.26122901,.15044419,.0960593
1971,56,.90158981,.72242677,.2488604,.15456811,.1284529
1972,56,.8945446,.72352898,.2443864,.056996699,.1339227
1973,56,.89456582,.72872561,.25378859,.064034998,.1062383
1974,56,.88882917,.73655069,.2568197,.097484097,.092149399
1975,56,.88959283,.73625821,.28624809,.1255336,.079761803
1976,56,.89121938,.73892599,.25775501,.1328674,.0734988
1977,56,.89120382,.73899227,.25298509,.14997961,.080802098
1978,56,.88561648,.73221773,.2389828,.19819941,.1186189
1979,56,.88055968,.71985418,.25741541,.19067781,.094797298
1980,56,.87997472,.724904,.32631081,.2372523,.16934779
1981,56,.87702101,.72906983,.3080197,.30362999,.234281
1982,56,.87858713,.75141132,.27335009,.26630861,.2047046
1983,56,.87577242,.74942452,.2453132,.22784109,.17733631
1984,56,.86968118,.73740441,.2311838,.21149451,.17865039
1985,56,.86886913,.73721331,.2273051,.18987671,.14816169
1986,56,.86609739,.73234749,.2741611,.14494941,.094184302
1987,56,.87066013,.72455102,.27931589,.1238548,.086854704
1988,56,.8792628,.73356187,.2659198,.1493426,.13098431
1989,56,.88725942,.73640758,.30950251,.094218001,.056947999
1990,56,.89464468,.73804438,.26350081,.086194202,.082876101
1991,56,.89653403,.74011219,.24761359,.074017301,.074827097
1992,56,.8903749,.7285769,.25147641,.081101499,.076079801
1993,56,.88732028,.70366758,.24381439,.063410401,.059087899
1994,56,.89337468,.71878761,.1896871,.088616401,.099663801
1995,56,.89681852,.72620177,.222238,.059165001,.069825098
1996,56,.90067458,.73204088,.2602402,.058357298,.052287798
1997,56,.90512741,.73841232,.25180691,.075442202,.075442202
1998,56,.89966321,.73352349,.2503649,.061060201,.041056
1999,56,.89497918,.72497952,.29219979,.063764803,.0405684
2000,56,.88229012,.70013982,.32682431,.096399903,.036296599
2001,56,.86737782,.67688853,.3440581,.1147418,.0328889
2002,56,.85776061,.65485269,.39339191,.1027499,-.024712
2003,56,.86211932,.64400309,.4949899,.088314302,-.0077058999
2004,56,.85882652,.61993718,.4264693,.1087219,.0262026
2005,56,.86875969,.6234706,.41009,.083443098,.0186317
2006,56,.87539321,.6182456,.37977409,.1005406,.048696801
2007,56,.86739188,.60785627,.3780733,.17023879,.1781642
2008,56,.84854251,.59436941,.3913281,.2382143,.1940676
2009,56,.84160918,.58816981,.44204831,.229627,.1876677
2010,56,.81419373,.56750578,.52386677,.23635881,.181778
2011,56,.79935539,.55850571,.56668621,.25767079,.2115936
2012,56,.80057311,.55275571,.57873368,.20383599,.070525602
2013,56,.82164222,.56332397,.46438399,.2300362,.117216
2014,56,.82962513,.57069391,.3882429,.2658093,.1221801
2015,56,.84434873,.58128071,.2442546,.30205321,.1934236
2016,56,.85361278,.57508492,.28998339,.27355289,.107001
2017,56,.85361278,.57508492,.28998339,.27355289,.107001
2018,56,.85361278,.57508492,.28998339,.27355289,.107001
2019,56,.85361278,.57508492,.28998339,.27355289,.107001
2020,56,.85361278,.57508492,.28998339,.27355289,.107001
2021,56,.85361278,.57508492,.28998339,.27355289,.107001
1966,61,.8058759,.56058729,.2349107,-.083671801,.079732999
1967,61,.8058759,.56058729,.2349107,-.083671801,.079732999
1968,61,.8058759,.56058729,.2349107,-.083671801,.079732999
1969,61,.8058759,.56058729,.2349107,-.083671801,.079732999
1970,61,.8058759,.56058729,.2349107,-.083671801,.079732999
1971,61,.8058759,.56058729,.2349107,-.083671801,.079732999
1972,61,.8058759,.56058729,.2349107,-.083671801,.079732999
1973,61,.8058759,.56058729,.2349107,-.083671801,.079732999
1974,61,.8058759,.56058729,.2349107,-.083671801,.079732999
1975,61,.8058759,.56058729,.2349107,-.083671801,.079732999
1976,61,.8058759,.56058729,.2349107,-.083671801,.079732999
1977,61,.8058759,.56058729,.2349107,-.083671801,.079732999
1978,61,.8058759,.56058729,.2349107,-.083671801,.079732999
1979,61,.8058759,.56058729,.2349107,-.083671801,.079732999
1980,61,.8058759,.56058729,.2349107,-.083671801,.079732999
1981,61,.8058759,.56058729,.2349107,-.083671801,.079732999
1982,61,.8058759,.56058729,.2349107,-.083671801,.079732999
1983,61,.8058759,.56058729,.2349107,-.083671801,.079732999
1984,61,.8058759,.56058729,.2349107,-.083671801,.079732999
1985,61,.77841341,.59243292,.31396371,.30387089,-.0182938
1986,61,.77206361,.56515372,.32369611,.23290861,-.0227759
1987,61,.79727483,.55290169,.32810411,.087738998,.0283767
1988,61,.81893581,.57810211,.35692739,.1723754,.1264144
1989,61,.84437227,.58278728,.37493089,.209993,.19167911
1990,61,.83238399,.57221329,.3800495,.1145581,.1708698
1991,61,.84314442,.59713721,.40158021,.1323071,.1541561
1992,61,.83303088,.63313198,.29696631,.25417331,.21588109
1993,61,.84533131,.65389657,.24996459,.2398798,.2473502
1994,61,.87950778,.70119828,.22105969,.1108756,.1750574
1995,61,.88695413,.70058513,.3408134,.073803298,.074961402
1996,61,.85866171,.68281609,.3287141,.083002597,.1188756
1997,61,.83289433,.65056622,.24748001,.1794022,.2675873
1998,61,.83728302,.66556162,.2554833,.14011879,.2020895
1999,61,.8504833,.65606803,.26505849,.138657,.1849975
2000,61,.86022007,.6330958,.2769857,.17109869,.2287413
2001,61,.87616491,.64595562,.33242759,.1781573,.1708651
2002,61,.87342387,.65213341,.3807072,.1995904,.1199398
2003,61,.80900168,.60335648,.50331658,.30453879,.1315839
2004,61,.7927317,.58741689,.48371181,.35458079,.2049949
2005,61,.7768209,.61451632,.45927969,.38802099,.1103205
2006,61,.78372771,.6410799,.41382459,.21515711,.1117731
2007,61,.73887181,.63997543,.4353441,.1674763,.0893066
2008,61,.74155188,.6206724,.46380979,.1649233,.090239398
2009,61,.73756748,.61496133,.4351871,.14753699,.069346398
2010,61,.76670498,.62619883,.42607519,.1485227,.076041996
2011,61,.76938838,.62295961,.41454259,.2337843,.075217903
2012,61,.814022,.66415149,.2286178,.2119049,.1336308
2013,61,.8281278,.68560362,.1736065,.1829991,.1462642
2014,61,.84668827,.72237432,.044923801,.1205738,.14615829
2015,61,.85256982,.73777348,.0275949,.097552702,.13323019
2016,61,.86513501,.76033652,-.021699,.072621398,.1369952
2017,61,.86513501,.76033652,-.021699,.072621398,.1369952
2018,61,.86513501,.76033652,-.021699,.072621398,.1369952
2019,61,.86513501,.76033652,-.021699,.072621398,.1369952
2020,61,.86513501,.76033652,-.021699,.072621398,.1369952
2021,61,.86513501,.76033652,-.021699,.072621398,.1369952
1960,62,.92701179,.73638147,.1799992,.022535499,.055978801
1961,62,.92701179,.73638147,.1799992,.022535499,.055978801
1962,62,.92701179,.73638147,.1799992,.022535499,.055978801
1963,62,.92701179,.73638147,.1799992,.022535499,.055978801
1964,62,.92701179,.73638147,.1799992,.022535499,.055978801
1965,62,.92701179,.73638147,.1799992,.022535499,.055978801
1966,62,.92701179,.73638147,.1799992,.022535499,.055978801
1967,62,.92701179,.73638147,.1799992,.022535499,.055978801
1968,62,.92701179,.73638147,.1799992,.022535499,.055978801
1969,62,.92701179,.73638147,.1799992,.022535499,.055978801
1970,62,.94065142,.75511152,.19074941,-.088989504,-.0000473
1971,62,.95228869,.73766887,.2203223,-.0254454,-.0087826001
1972,62,.94007993,.73160708,.1853538,.1441171,.075559303
1973,62,.95089853,.73180491,.12808169,.1087301,.115909
1974,62,.95873219,.73932999,.14356241,.1228918,.1414344
1975,62,.95682561,.73145461,.1946753,.074948303,.1097296
1976,62,.9634155,.74587017,.2196724,-.022235701,.1038229
1977,62,.95869583,.74601048,.2190147,-.0268929,.095856503
1978,62,.9642939,.74584061,.2465245,.022022501,.1156028
1979,62,.96696371,.75307482,.2347433,.024168899,.1018476
1980,62,.95944959,.78144032,.2211446,.038989201,.096465901
1981,62,.94465458,.7834245,.2154078,.1091782,.1014586
1982,62,.94164491,.76010102,.1786858,.047394201,.097578302
1983,62,.94500679,.76749259,.1800027,-.0050367001,.079184003
1984,62,.85403413,.67304862,.2623072,.095046498,.075519703
1985,62,.8792327,.70296657,.1022609,.1849017,.21426921
1986,62,.90258777,.74772012,.1350611,.1733294,.19173419
1987,62,.90721577,.75665963,.19754329,.1593252,.1797031
1988,62,.90598851,.75303048,.20949151,.1808695,.1791037
1989,62,.9220916,.76483941,.1918826,.1706876,.18903311
1990,62,.90928179,.739829,.28016329,.1116011,.1105281
1991,62,.87712121,.69806302,.27558589,.1128363,.1331223
1992,62,.86334068,.69247931,.237986,.1029851,.1114895
1993,62,.85605073,.69329268,.25197721,.059731498,.088137299
1994,62,.8538115,.71039063,.20482241,.0501021,.0895418
1995,62,.85350442,.72639281,.18993729,.0249067,.074746102
1996,62,.86157292,.73547322,.18809579,.041648202,.0839459
1997,62,.86174542,.73802948,.21143401,.058402002,.094578102
1998,62,.86895502,.74526358,.18787269,.058658902,.090668298
1999,62,.87621301,.7399655,.199138,.056273501,.074730702
2000,62,.87325388,.72757763,.21281061,.0975805,.1069139
2001,62,.87185073,.71995169,.2424417,.1210794,.091700897
2002,62,.87242079,.71215951,.22496641,.090458103,.079427801
2003,62,.86593789,.69788998,.26804101,.1260262,.1127255
2004,62,.85661519,.686409,.33612761,.1679693,.1110905
2005,62,.85764712,.69089693,.3104918,.132153,.086296
2006,62,.85133278,.70408791,.28310901,.1491099,.1075356
2007,62,.83795178,.70224988,.30746561,.1772124,.1239096
2008,62,.82581198,.70710361,.3245514,.1608218,.098719403
2009,62,.81338543,.6973905,.32584241,.1503906,.1061444
2010,62,.80699402,.69018948,.35990149,.1900731,.1233788
2011,62,.79690272,.67478633,.32336539,.1593795,.1009266
2012,62,.7993319,.67051709,.2077425,.1443215,.1128352
2013,62,.80802822,.68222731,.2149362,.22329091,.1760813
2014,62,.81416452,.70528328,.1510637,.1871434,.1737365
2015,62,.81747442,.71481568,.13150281,.19194441,.1940615
2016,62,.83033842,.74354851,.1750938,.19310071,.1700581
2017,62,.83033842,.74354851,.1750938,.19310071,.1700581
2018,62,.83033842,.74354851,.1750938,.19310071,.1700581
2019,62,.83033842,.74354851,.1750938,.19310071,.1700581
2020,62,.83033842,.74354851,.1750938,.19310071,.1700581
2021,62,.83033842,.74354851,.1750938,.19310071,.1700581
1959,71,.90958321,.80290687,-.037520401,.034228299,.039448701
1960,71,.90958321,.80290687,-.037520401,.034228299,.039448701
1961,71,.90958321,.80290687,-.037520401,.034228299,.039448701
1962,71,.90958321,.80290687,-.037520401,.034228299,.039448701
1963,71,.90958321,.80290687,-.037520401,.034228299,.039448701
1964,71,.90958321,.80290687,-.037520401,.034228299,.039448701
1965,71,.90958321,.80290687,-.037520401,.034228299,.039448701
1966,71,.90958321,.80290687,-.037520401,.034228299,.039448701
1967,71,.90958321,.80290687,-.037520401,.034228299,.039448701
1968,71,.90958321,.80290687,-.037520401,.034228299,.039448701
1969,71,.90958321,.80290687,-.037520401,.034228299,.039448701
1970,71,.88627529,.76410139,.1993223,.1047776,.0100751
1971,71,.88508749,.76909733,.22567549,.067079499,-.063861802
1972,71,.87722027,.76339197,.24153019,.1692901,.051364999
1973,71,.87881202,.80840832,.071413398,.1352299,.14901771
1974,71,.92957771,.73742372,.62169522,.15988471,-.1115336
1975,71,.92106068,.73045778,.84024262,.12808929,-.24325991
1976,71,.90777397,.74500263,.60733819,.35255101,.12781399
1977,71,.90786701,.74864769,.65774298,.080800802,-.0029305001
1978,71,.92099631,.75688589,.57049549,.0713351,.022856999
1979,71,.88909638,.71845549,.468927,.091606803,.053235698
1980,71,.91941708,.69448858,.3880569,.056703102,-.0044177002
1981,71,.96328419,.64653802,.4235715,.049381599,-.0248725
1982,71,.97776783,.61236107,.42088029,.060174402,-.046135198
1983,71,.97599107,.58305061,.4623836,.0519371,-.063473403
1984,71,.9548254,.53241152,.48911759,.067587003,-.040107001
1985,71,.83844721,.47434461,.60016692,.29778889,.1293852
1986,71,.94898802,.59377569,.63831782,.073744103,.046827301
1987,71,.99052459,.61854482,.63366342,-.071892902,-.021567101
1988,71,.99504137,.6094085,.67543799,-.0524006,.0097794002
1989,71,1.018618,.62182862,.64827973,.0866642,.057917502
1990,71,1.055732,.65650541,.41884741,.045134999,.062522203
1991,71,.97512698,.56749851,.27609569,.1282286,.1202438
1992,71,.89554912,.56207073,.25790969,.2169278,.1576706
1993,71,.86086673,.57629329,.3263157,.1367552,.061594799
1994,71,.84252638,.61028647,.35647309,.078437299,.0121413
1995,71,.84299117,.61525643,.4042311,.061480802,.0091952002
1996,71,.85100919,.60594368,.4004811,.034076001,.0472477
1997,71,.85643488,.62622511,.38525429,.029174101,.065855302
1998,71,.90544921,.67636168,.3336277,.078158297,.088574298
1999,71,.92990649,.68688297,.3506968,.086503297,.094674699
2000,71,.91216761,.70146757,.21452209,.0849628,.1069948
2001,71,.84734398,.68943131,.16968881,.29459131,.26206091
2002,71,.84693092,.71564043,.1588331,.22696041,.1566896
2003,71,.83108699,.7137543,.1753194,.21606509,.1646401
2004,71,.81684971,.71186721,.1210939,.219203,.19399489
2005,71,.81445599,.7157197,.2454865,.2062507,.1621123
2006,71,.82494259,.72173291,.28184661,.1666296,.1086945
2007,71,.78915632,.67569882,.3320547,.2852084,.236306
2008,71,.76797372,.62095273,.40630791,.31014591,.29481381
2009,71,.77411592,.63318318,.40690839,.18251701,.154851
2010,71,.78339553,.64077419,.37536281,.1620235,.114749
2011,71,.78020549,.61299002,.39488569,.1231139,.0908923
2012,71,.76355797,.58566773,.4414691,.092588603,.061836801
2013,71,.75412399,.59268439,.3615773,.029533301,-.043245699
2014,71,.75645077,.58441281,.311721,.1159887,.0039794999
2015,71,.74067211,.56685549,.3404178,.039228801,-.0026634
2016,71,.75299191,.57186031,.32790181,.14085381,.0274975
2017,71,.75299191,.57186031,.32790181,.14085381,.0274975
2018,71,.75299191,.57186031,.32790181,.14085381,.0274975
2019,71,.75299191,.57186031,.32790181,.14085381,.0274975
2020,71,.75299191,.57186031,.32790181,.14085381,.0274975
2021,71,.75299191,.57186031,.32790181,.14085381,.0274975
1955,72,.78999382,.71496898,.1848139,.2259362,.15082531
1956,72,.78999382,.71496898,.1848139,.2259362,.15082531
1957,72,.78999382,.71496898,.1848139,.2259362,.15082531
1958,72,.78999382,.71496898,.1848139,.2259362,.15082531
1959,72,.78999382,.71496898,.1848139,.2259362,.15082531
1960,72,.78999382,.71496898,.1848139,.2259362,.15082531
1961,72,.78999382,.71496898,.1848139,.2259362,.15082531
1962,72,.78999382,.71496898,.1848139,.2259362,.15082531
1963,72,.78999382,.71496898,.1848139,.2259362,.15082531
1964,72,.78999382,.71496898,.1848139,.2259362,.15082531
1965,72,.78999382,.71496898,.1848139,.2259362,.15082531
1966,72,.78999382,.71496898,.1848139,.2259362,.15082531
1967,72,.78999382,.71496898,.1848139,.2259362,.15082531
1968,72,.78999382,.71496898,.1848139,.2259362,.15082531
1969,72,.78999382,.71496898,.1848139,.2259362,.15082531
1970,72,.80007941,.70988739,.22463641,.2139283,.1007314
1971,72,.83562201,.75027329,.20845839,.1695645,.1040724
1972,72,.87201858,.77467561,.1911765,.17524929,.1247372
1973,72,.8792513,.78717917,.15062951,.2080991,.1963398
1974,72,.88908798,.78661841,.1571835,.1961336,.191891
1975,72,.88544178,.78091782,.180539,.1686729,.1473061
1976,72,.87959433,.77066767,.1937719,.1415091,.1280448
1977,72,.87302607,.76580453,.1931724,.1772237,.1428348
1978,72,.88078183,.75729078,.2261869,.1215072,.070397399
1979,72,.87922198,.75013202,.2450918,.1370011,.051291399
1980,72,.88437921,.73183322,.2456228,.1370198,.044687498
1981,72,.89627248,.72940308,.2155526,.1248421,.069566503
1982,72,.89396989,.71906948,.2198341,.1054607,.073172301
1983,72,.85141963,.69383842,.1854884,.1466563,.1407737
1984,72,.84365487,.7077722,.18847281,.1350892,.1400729
1985,72,.82719588,.71672642,.16337129,.1314853,.1524581
1986,72,.81701362,.72438008,.1704895,.1335472,.132659
1987,72,.82120383,.73241562,.1582316,.14581589,.1406523
1988,72,.84031242,.75407791,.17348979,.1325742,.1179332
1989,72,.84205133,.74450213,.17907859,.1477004,.1374561
1990,72,.8504256,.74537891,.16251449,.1509971,.15871
1991,72,.85627109,.75608343,.1586127,.1440327,.1287545
1992,72,.84257323,.75023538,.1688249,.1275378,.1157893
1993,72,.84153539,.76032829,.1619304,.1228959,.1023495
1994,72,.83039421,.75654572,.15807679,.14382979,.1126928
1995,72,.81431448,.74089432,.19052561,.079144098,.0597491
1996,72,.79772723,.72341043,.2051018,.0813298,.061889399
1997,72,.79420352,.71530563,.2157781,.083381601,.061374899
1998,72,.77261412,.69961452,.2415143,.097824097,.0658997
1999,72,.76148129,.69373101,.25551939,.0933244,.0602757
2000,72,.75608379,.69546831,.26192829,.1760588,.1005372
2001,72,.74601972,.701123,.23777109,.27490351,.1861068
2002,72,.75061959,.70803058,.2314228,.29303229,.2015073
2003,72,.7668196,.71461117,.2077097,.25480911,.17023639
2004,72,.77285439,.71339411,.1901167,.2662282,.1663986
2005,72,.76765639,.70189798,.1232394,.2173733,.1555094
2006,72,.75452429,.68062413,.1636112,.1603505,.062460698
2007,72,.75972348,.6868329,.14086621,.141341,.065471902
2008,72,.76817882,.6884225,.1894307,.15918089,.070925102
2009,72,.78519553,.7030831,.20847771,.15154441,.094270803
2010,72,.80435771,.71430337,.2355171,.19561189,.1209889
2011,72,.82855201,.72133178,.2618067,.060591299,.013963
2012,72,.78965092,.67266822,.2381864,-.0046660001,.0041824002
2013,72,.75944132,.63745552,.2317784,.0234602,.051405601
2014,72,.73802191,.61038578,.25048131,.040331502,.037544601
2015,72,.72863293,.59641308,.25889349,.0139271,.0440244
2016,72,.70808488,.57745773,.23329221,.15065791,.1151837
2017,72,.70808488,.57745773,.23329221,.15065791,.1151837
2018,72,.70808488,.57745773,.23329221,.15065791,.1151837
2019,72,.70808488,.57745773,.23329221,.15065791,.1151837
2020,72,.70808488,.57745773,.23329221,.15065791,.1151837
2021,72,.70808488,.57745773,.23329221,.15065791,.1151837
1960,81,.69594079,.6548872,.23098551,.058207601,.068571597
1961,81,.69594079,.6548872,.23098551,.058207601,.068571597
1962,81,.69594079,.6548872,.23098551,.058207601,.068571597
1963,81,.69594079,.6548872,.23098551,.058207601,.068571597
1964,81,.69594079,.6548872,.23098551,.058207601,.068571597
1965,81,.69594079,.6548872,.23098551,.058207601,.068571597
1966,81,.69594079,.6548872,.23098551,.058207601,.068571597
1967,81,.69594079,.6548872,.23098551,.058207601,.068571597
1968,81,.69594079,.6548872,.23098551,.058207601,.068571597
1969,81,.69594079,.6548872,.23098551,.058207601,.068571597
1970,81,.75440562,.65133411,.1802469,.071001001,.084321797
1971,81,.79461288,.66113007,.22154289,.075102098,.074508697
1972,81,.85029727,.68615878,.2493349,.082414798,.1093015
1973,81,.89652699,.70730728,.24809,.14269669,.1418502
1974,81,.8514744,.70101172,.3462559,.2629326,.1625915
1975,81,.83352911,.7003597,.35075891,.18049639,.1197623
1976,81,.83276713,.69475698,.32122391,.1343434,.1285242
1977,81,.85594338,.68256462,.3286069,.024527499,.1072224
1978,81,.87127078,.67345148,.31393781,-.0500542,.1077057
1979,81,.90321708,.65890127,.2972123,-.074075401,.1049665
1980,81,.92694688,.65898561,.20850439,.0415585,.3627457
1981,81,.94268131,.67255449,.2158971,.065201998,.26777679
1982,81,.96397072,.70231652,.1459403,.057527099,.2702243
1983,81,.93124008,.67046672,.1904965,.1140075,.27228639
1984,81,.89857268,.61416757,.2270527,.13149171,.30359021
1985,81,.8825134,.59738159,.3557415,.0513843,.0701361
1986,81,.92337269,.59465998,.2377688,.0332864,.037655901
1987,81,.90723431,.57891142,.27259669,.063694403,.0893948
1988,81,.88258129,.56019539,.28594431,.062980898,.080543101
1989,81,.85891348,.57067508,.28453919,.098905496,.122746
1990,81,.81565768,.55209601,.2219567,.2319192,.2706649
1991,81,.74730539,.52568781,.46774521,.25044161,.148665
1992,81,.71652877,.530384,.38147071,.1730482,.18733829
1993,81,.75308549,.57774842,.39404699,.1658193,.1368981
1994,81,.7763207,.61223,.31547201,.1538322,.1301575
1995,81,.83530128,.67741692,.38598841,.052398399,.0023346001
1996,81,.85216123,.70505518,.33331549,.0363972,.021365199
1997,81,.86498982,.71845943,.3349764,.0449454,-.0021752
1998,81,.85516691,.71374857,.3367056,.071842998,-.00041899999
1999,81,.85619181,.7317884,.33288571,.097932301,.0175473
2000,81,.83644408,.7057364,.28495279,.1741785,.1565403
2001,81,.85966372,.70336962,.36939511,.1839138,.093857303
2002,81,.87943667,.69851291,.43656179,.1261244,.044310499
2003,81,.87574887,.68127602,.4314115,.0132522,.090511501
2004,81,.86858481,.67223179,.28865919,-.095804997,.029811099
2005,81,.85103452,.68676043,.2410228,.0058811,.020648699
2006,81,.85480928,.71118891,.1949023,.0051393998,.0239163
2007,81,.87611347,.71380621,.1568394,-.0486851,.0084643997
2008,81,.89915347,.73956782,.073043399,-.043458499,-.0164869
2009,81,.9190703,.75239933,.2412152,.18387491,.078744099
2010,81,.92425871,.76242763,.26790419,.28852361,.1388337
2011,81,.88515389,.74477392,.3089641,.39746711,.1008003
2012,81,.8589738,.73667359,.36153081,.51642263,.1166866
2013,81,.83736259,.72311109,.31281799,.5637545,.0935684
2014,81,.81474853,.7427386,.5359205,.91741538,.165264
2015,81,.81359142,.75142491,.50182289,1.016806,.24081901
2016,81,.82884312,.77520698,.36718401,1.336368,.64620829
2017,81,.82884312,.77520698,.36718401,1.336368,.64620829
2018,81,.82884312,.77520698,.36718401,1.336368,.64620829
2019,81,.82884312,.77520698,.36718401,1.336368,.64620829
2020,81,.82884312,.77520698,.36718401,1.336368,.64620829
2021,81,.82884312,.77520698,.36718401,1.336368,.64620829
1955,99,.88124651,.7390582,.17232201,.1884705,.1148547
1956,99,.88124651,.7390582,.17232201,.1884705,.1148547
1957,99,.88124651,.7390582,.17232201,.1884705,.1148547
1958,99,.88124651,.7390582,.17232201,.1884705,.1148547
1959,99,.88124651,.7390582,.17232201,.1884705,.1148547
1960,99,.88124651,.7390582,.17232201,.1884705,.1148547
1961,99,.88124651,.7390582,.17232201,.1884705,.1148547
1962,99,.88124651,.7390582,.17232201,.1884705,.1148547
1963,99,.88124651,.7390582,.17232201,.1884705,.1148547
1964,99,.88124651,.7390582,.17232201,.1884705,.1148547
1965,99,.88124651,.7390582,.17232201,.1884705,.1148547
1966,99,.88124651,.7390582,.17232201,.1884705,.1148547
1967,99,.88124651,.7390582,.17232201,.1884705,.1148547
1968,99,.88124651,.7390582,.17232201,.1884705,.1148547
1969,99,.88124651,.7390582,.17232201,.1884705,.1148547
1970,99,.88186991,.73420751,.1857634,.038198501,.0531523
1971,99,.87941372,.74335182,.1682955,.029077601,.056146301
1972,99,.87123358,.73668772,.1325741,.0559089,.054956298
1973,99,.87205422,.73337758,.25676271,.10749,.074946702
1974,99,.89196998,.74429721,.22107209,.1090701,.072089598
1975,99,.89818668,.74654013,.24293301,.072376803,.091923401
1976,99,.8919009,.74164051,.22390421,.1258904,.1398468
1977,99,.88844413,.72918332,.3271201,.1257661,.1182578
1978,99,.89217001,.71896237,.33961511,.1375659,.10868
1979,99,.8997072,.72766709,.3293792,.14336389,.080532998
1980,99,.90431988,.72148901,.3726224,.19454689,.0586472
1981,99,.93743461,.75478828,.44210449,.1896272,.039345801
1982,99,.94216561,.77303809,.43645909,.2410778,.097423598
1983,99,.92590493,.76236022,.4479638,.22228929,.098464899
1984,99,.89884973,.73350042,.39455521,.283705,.2091943
1985,99,.88633358,.73728079,.403786,.0192031,-.060190599
1986,99,.87400311,.71104479,.3314538,.016693501,-.0248302
1987,99,.86883801,.6889931,.3105174,-.0029881001,-.0477506
1988,99,.88069099,.67407268,.29597011,-.0117773,-.0360552
1989,99,.88816053,.6720528,.27127829,.027521599,.028191
1990,99,.88287169,.65447319,.37728831,.1497127,.150856
1991,99,.88777792,.65509331,.3751778,.1674372,.183258
1992,99,.89272308,.6723792,.293585,.1702572,.1777146
1993,99,.89833039,.68824971,.2430691,.1239556,.1226699
1994,99,.89040601,.71602392,.30585289,.158464,.118759
1995,99,.88045388,.70325971,.2976934,.16871101,.1210638
1996,99,.89255452,.71466541,.3052083,.1452814,.099836998
1997,99,.90060759,.74002987,.34155121,.1605041,.095941901
1998,99,.90354532,.78423959,.30006009,.1682407,.095005199
1999,99,.90066981,.78677201,.3033697,.1056884,.056452502
2000,99,.90316367,.79624128,.28389129,.051051099,.0185792
2001,99,.88470501,.79387712,.28822151,.0065032998,-.020396199
2002,99,.84625602,.73561281,.32432929,-.0012127,-.027445899
2003,99,.83719373,.69152713,.39325091,.0100939,-.024842801
2004,99,.85090172,.66620767,.4323971,.0282398,-.0150422
2005,99,.84514642,.64769107,.51857752,.049784798,-.02173
2006,99,.84172487,.66764742,.47137541,.073300302,.0043845
2007,99,.88960499,.70090091,.50622839,.051469099,-.0189227
2008,99,.91643608,.72136998,.47485241,.047815301,.0147966
2009,99,.93301833,.72284752,.50723797,.0173332,-.0024089001
2010,99,1.010928,.76556587,.435745,-.063929103,-.0209514
2011,99,1.060436,.81141162,.30469081,.0202021,.063767597
2012,99,1.041115,.83274227,.301065,.023330299,.078447297
2013,99,1.047969,.84926331,.30517879,.024027901,.038157102
2014,99,1.097967,.88464803,.32046181,-.0314578,-.038218301
2015,99,1.073604,.99063569,.30221301,.019150199,-.0788773
2016,99,.89995211,.73313391,.2166027,.19082031,.1464773
2017,99,.89995211,.73313391,.2166027,.19082031,.1464773
2018,99,.89995211,.73313391,.2166027,.19082031,.1464773
2019,99,.89995211,.73313391,.2166027,.19082031,.1464773
2020,99,.89995211,.73313391,.2166027,.19082031,.1464773
2021,99,.89995211,.73313391,.2166027,.19082031,.1464773
