YEAR,AGE,avg_no_children,avg_no_children_3_year
1976,14,6.368130670436126e-4,0.0019814414044208328
1976,15,0.0032742002449304064,0.005199530142124536
1976,16,0.011835147476013377,0.013627231600558289
1976,17,0.025877225754235716,0.06046330772491845
1976,18,0.1426048604085332,0.12962629724017824
1976,19,0.2192742397086956,0.23205031803034848
1976,20,0.3375090452637475,0.33543797633657646
1976,21,0.45565570554973545,0.4474889008974323
1976,22,0.5570474536531647,0.5832508147311259
1976,23,0.7410656782413889,0.714492736796974
1976,24,0.8474121588913665,0.8682949271477793
1976,25,1.028897962749677,1.016526677204082
1976,26,1.1756924854150668,1.2069693437226303
1976,27,1.4157986758863805,1.3478693104741308
1976,28,1.4584801911484104,1.5325025616852814
1976,29,1.7189806350973356,1.6693758914082362
1976,30,1.8589282152337785,1.8599536513767405
1976,31,2.0447121232275993,2.0116766177877325
1976,32,2.1297640490823655,2.1545668215883933
1976,33,2.276277786685971,2.2931300934298475
1976,34,2.4965834770558897,2.440367056577012
1976,35,2.5892968630912545,2.591906850285156
1976,36,2.695860379454873,2.723327972436868
1976,37,2.8815948830623026,2.8025580792848106
1976,38,2.830095684114368,2.917053387148127
1976,39,3.0499072487758667,2.9630875067199876
1976,40,3.0215142743257006,3.0354643768033
1976,41,3.0348198475969443,3.0834595538453535
1976,42,3.195761618362051,3.1068627623864544
1976,43,3.091400397960903,3.1334128995003816
1976,44,3.1152497134633537,3.1033082729797705
1977,14,0.002457439772083918,0.0027720521477027074
1977,15,0.0030882669407336543,0.007958037708474542
1977,16,0.018108389361534343,0.02186275917320987
1977,17,0.04446889365109393,0.0656509272766189
1977,18,0.1314408365553541,0.1294978941146086
1977,19,0.21256936223468959,0.2177039833325748
1977,20,0.3141766792618934,0.3203362643375744
1977,21,0.4326113702263994,0.42334283421634644
1977,22,0.5252909952587073,0.5491724876781191
1977,23,0.7005177691341742,0.6572939666875985
1977,24,0.7548470224001345,0.7882658691052851
1977,25,0.9175136163633901,0.9168723613281454
1977,26,1.096180022827457,1.1091813569556712
1977,27,1.314111892701857,1.295017846997518
1977,28,1.459945393330376,1.4565799056549409
1977,29,1.590077708243773,1.5930006281655875
1977,30,1.7219995392920937,1.74107138135123
1977,31,1.9646231662615874,1.9134918409996542
1977,32,2.1272065950992762,2.117643869400295
1977,33,2.2563310611711795,2.2314137769431412
1977,34,2.3004682301261896,2.354713697167898
1977,35,2.5218628734559094,2.4784688771701076
1977,36,2.650643172160427,2.624396854537394
1977,37,2.713900654374404,2.745842461738415
1977,38,2.8763617084721242,2.8218272138110954
1977,39,2.871586781448693,2.9677618032289477
1977,40,3.1537837843090726,3.0650141278189045
1977,41,3.1804635481806898,3.1369548027419785
1977,42,3.076351140408715,3.1241780252166707
1977,43,3.116021795779123,3.1196600181232457
1977,44,3.1672239958362622,3.1427671308675733
1979,14,0,0.0030986275071948556
1979,15,0.006203704165237706,0.0055199037048575764
1979,16,0.010173698909890182,0.01576991331336047
1979,17,0.030727366940829594,0.06596589558670866
1979,18,0.1540848590847803,0.14211836935082414
1979,19,0.23670485810516967,0.24046437501209428
1979,20,0.3319368919944516,0.3259841337648432
1979,21,0.4084338133053005,0.4310297907544063
1979,22,0.5560316214424998,0.5486003026667559
1979,23,0.6916774054953492,0.687102679538244
1979,24,0.8150969458405665,0.8028452363520605
1979,25,0.902593159866424,0.9201080586798517
1979,26,1.0577243121231619,1.0500703646870206
1979,27,1.1948472547472957,1.1994014741641423
1979,28,1.3426862704998208,1.3771513177404846
1979,29,1.6128334217439806,1.5274126786757787
1979,30,1.6277269807889527,1.665810783463442
1979,31,1.7569476486809377,1.776960281964914
1979,32,1.9440570214421735,1.910304037443786
1979,33,2.0595862878272873,2.045266459627683
1979,34,2.1694469956800257,2.1932654060997008
1979,35,2.3431136255262937,2.3483012977099924
1979,36,2.510643269899513,2.4745439277265806
1979,37,2.581854016319169,2.6026730998701435
1979,38,2.7318183974741905,2.678358948245822
1979,39,2.720690125515696,2.7312326028277143
1979,40,2.7409695734905273,2.829256162218954
1979,41,3.053543270028045,2.9498715435940355
1979,42,3.0852861616564597,3.089902532473905
1979,43,3.1297087458283293,3.074014698856493
1979,44,3.0056023688474087,3.06841374106443
1980,15,0.009597889259739577,0.011850468581080178
1980,16,0.013974883742433343,0.016409372066434953
1980,17,0.02525720965696221,0.06238041487457109
1980,18,0.14676851687670478,0.12961473444475688
1980,19,0.2134374009004194,0.23186813321920863
1980,20,0.33315450868352936,0.32138190257931754
1980,21,0.41630300750572163,0.44183512323265456
1980,22,0.5815330686433251,0.5601942659668244
1980,23,0.68606823270903206,0.677101649517531
1980,24,0.7614652817969643,0.7821264289996906
1980,25,0.9043642885851585,0.894744097885752
1980,26,1.0224232356153267,1.0459635195438601
1980,27,1.222387241915068,1.1773711630994774
1980,28,1.2968290194295369,1.3305449219829215
1980,29,1.474663059282635,1.4595847302499962
1980,30,1.6163375386264232,1.5884163010830048
1980,31,1.6781735026185405,1.7143759141218746
1980,32,1.848468152658964,1.8318448253202795
1980,33,1.9624901214930575,1.951451054440488
1980,34,2.0652183711368646,2.062261854584734
1980,35,2.195273869055044,2.1784024685541086
1980,36,2.2748746362560923,2.3249546556156293
1980,37,2.4879850339165865,2.4645078384403987
1980,38,2.6421941482547173,2.600591517749585
1980,39,2.6879083585017733,2.7121926707710347
1980,40,2.8121399541009997,2.752006075337594
1980,41,2.759673144065946,2.8961933458494973
1980,42,3.1327202241737435,2.995399470003942
1980,43,3.10430065824317,3.1323147461132
1980,44,3.1585182937568117,3.132114700407878
1981,15,0.002877600081595308,0.003702838886366222
1981,16,0.004515289312115486,0.014387616903444287
1981,17,0.0339587773567938,0.05221282025359542
1981,18,0.11352552980668647,0.12175246305427014
1981,19,0.2207872942876071,0.22916405949476687
1981,20,0.3501038217984187,0.3260148044750722
1981,21,0.40070904315222616,0.4307995338523512
1981,22,0.5464793495157165,0.5395840959794993
1981,23,0.6700732985174409,0.6900537485702879
1981,24,0.8501755966784014,0.826117999917513
1981,25,0.9655090982703415,0.9718581195515199
1981,26,1.107415440962383,1.0835618381403032
1981,27,1.1807673072557445,1.1994995190298272
1981,28,1.3106399478108852,1.312598403723705
1981,29,1.4536232801077755,1.4390420125596493
1981,30,1.5580161022746222,1.5676332052712354
1981,31,1.694476939543851,1.677157408816857
1981,32,1.7874797685039707,1.8103785939774317
1981,33,1.9516805865199125,1.9136512791452422
1981,34,1.9959522366166764,1.9963734972212521
1981,35,2.0492185133607626,2.0720977302935037
1981,36,2.1989179211900853,2.215816095038077
1981,37,2.4079783011973976,2.3514307251094246
1981,38,2.4393057851241893,2.4802725134844583
1981,39,2.6018974027848274,2.5761274637502845
1981,40,2.7035400059082675,2.7009716013757687
1981,41,2.8060229345635688,2.7783059356575643
1981,42,2.834393473921013,2.9023980004342578
1981,43,3.066909765941709,2.9408419940836454
1981,44,2.9127241607054106,2.993811971962085
1982,15,8.133521818220969e-4,0.006247782337591935
1982,16,0.011635310456923986,0.012846447680330289
1982,17,0.025229979506606024,0.05592856913925238
1982,18,0.12459393194786508,0.113832468538067
1982,19,0.1889081640746397,0.19853150833691136
1982,20,0.28126375789439256,0.2931019373385631
1982,21,0.4016999548818728,0.39182401460327293
1982,22,0.4898722628592969,0.4982228945698402
1982,23,0.6062464642109154,0.6073994454732246
1982,24,0.7206703070092717,0.7606968161901274
1982,25,0.9583526047536147,0.9092679619360661
1982,26,1.0651931609792518,1.0865958455486862
1982,27,1.2357738124034552,1.1926088365046
1982,28,1.2755036354693028,1.2876439624356457
1982,29,1.3541237343895902,1.3822573989416105
1982,30,1.522872673613204,1.4957607476663903
1982,31,1.6185802567503234,1.6130017292790175
1982,32,1.6995337049900137,1.730584031706762
1982,33,1.888386629779079,1.8437573148547446
1982,34,1.9474658795674706,1.923943373424913
1982,35,1.9319371561137784,1.9810965401836502
1982,36,2.0884808460842725,2.0702729765365135
1982,37,2.229643088223724,2.2341029581701433
1982,38,2.3934481460577657,2.363630915985356
1982,39,2.470987846989037,2.475018257663628
1982,40,2.56137262216317,2.605939688641776
1982,41,2.806506082342466,2.7063236104198496
1982,42,2.7622209709053136,2.8121342995466585
1982,43,2.8728088406893937,2.859127984808024
1982,44,2.9481955603061873,2.9110605989620986
1983,15,0.0032528796461474617,0.0048409297725127256
1983,16,0.0063664859900127895,0.009554634598654254
1983,17,0.018746039172806657,0.0555656710352841
1983,18,0.13390823824414008,0.11847421462801573
1983,19,0.19391174801906705,0.19380277799168916
1983,20,0.2532979911223335,0.28261787448703984
1983,21,0.39309467308626495,0.3879572631882997
1983,22,0.5091016312085125,0.5215437180980128
1983,23,0.6597622078569703,0.6565276951182939
1983,24,0.7960153453249545,0.7833229695986881
1983,25,0.8999891092868613,0.9166079111701383
1983,26,1.0588544544705332,1.0348023303917298
1983,27,1.1385146415367482,1.1495280737648208
1983,28,1.2574052680761691,1.2591450798847725
1983,29,1.3883730847521252,1.3574442215087414
1983,30,1.425913168632291,1.4793281449681532
1983,31,1.6392236098959803,1.608199571167379
1983,32,1.7621434350388747,1.7313582064498467
1983,33,1.7876124983288275,1.8306464547678913
1983,34,1.95359054625152,1.8861979064885908
1983,35,1.9221493587563039,1.9724069982231074
1983,36,2.0432346999488042,2.0385280264615577
1983,37,2.191394987048401,2.1603787142346356
1983,38,2.2804071223310887,2.294601871916399
1983,39,2.415395999139123,2.4055008505897892
1983,40,2.5127164969373137,2.516681700995897
1983,41,2.624895514097052,2.5920805291553157
1983,42,2.6547100196657794,2.7015773748449385
1983,43,2.838980278338108,2.7851711322935215
1983,44,2.8669915205438157,2.853171170711938
1984,18,0.13526189494445903,0.16272420647999636
1984,19,0.18997757678468558,0.21241787723404285
1984,20,0.30709017801705085,0.2926966805690779
1984,21,0.3725863604811017,0.3948599579935265
1984,22,0.5029654301068474,0.49903266470703894
1984,23,0.6139341554369787,0.6265722573543084
1984,24,0.7552733820031851,0.737388324357546
1984,25,0.8528647355095257,0.8739547843000821
1984,26,1.0184747030673078,1.0099531973725684
1984,27,1.1586259278382254,1.1402660352913838
1984,28,1.2355876196774522,1.2472789537973097
1984,29,1.3446447293596457,1.3340391191014185
1984,30,1.4332923902727746,1.4391871551296007
1984,31,1.5491144758802182,1.5506886918627865
1984,32,1.6800573665636886,1.6793594579540223
1984,33,1.8047018041539311,1.787765489028646
1984,34,1.8786843442365158,1.8854507864551953
1984,35,1.9802531757110657,1.9282492441688455
1984,36,1.9258872771118027,1.9999112287864331
1984,37,2.0903158815874394,2.0780549076760084
1984,38,2.2696222324620763,2.2009185996229865
1984,39,2.2875775651071737,2.3171011601076086
1984,40,2.389013255170677,2.4032497913837867
1984,41,2.5217057508685357,2.5055860617633607
1984,42,2.614519629922026,2.5729220314417582
1984,43,2.590286943701209,2.6384578139271784
1984,44,2.7191710056790863,2.6517868110445
1986,18,0.12131802077345144,0.15722461625384573
1986,19,0.19143336313387452,0.20772077109411236
1986,20,0.3043361139614756,0.2990231836935804
1986,21,0.3935111453377218,0.3938876731728627
1986,22,0.47886504244610345,0.5116892206880126
1986,23,0.6513560313753838,0.6299313271374711
1986,24,0.7500704020568741,0.776416396733928
1986,25,0.9186855328957171,0.9027606570894173
1986,26,1.034488777116672,1.0073231169986898
1986,27,1.074946959205586,1.0989571562111295
1986,28,1.188128731672498,1.191300340846038
1986,29,1.3025768930920634,1.347047859745968
1986,30,1.553524444187228,1.4503121631367926
1986,31,1.5028590750453188,1.5627929203295063
1986,32,1.6350433027019995,1.6169077815851662
1986,33,1.7226656133781544,1.7323725371332572
1986,34,1.846909904909747,1.7974942413345787
1986,35,1.8251209165014028,1.8717866505359007
1986,36,1.9480845180626682,1.9010433620510103
1986,37,1.9339660607358438,1.9897398605413352
1986,38,2.082847006389241,2.040065787864339
1986,39,2.1026975965603345,2.0807872411240105
1986,40,2.0519037058147203,2.1363759376383
1986,41,2.26802451262842,2.2000694892856014
1986,42,2.2913313517913236,2.3240885989348614
1986,43,2.409742003335158,2.4040192288152755
1986,44,2.514929077343461,2.4597810175536696
1987,18,0.13403805504162686,0.1642754406081201
1987,19,0.19463251994888636,0.21493127238659593
1987,20,0.3106369141750692,0.3139248617940784
1987,21,0.43443573942483626,0.4238786235809573
1987,22,0.5252389388809764,0.5248412022165195
1987,23,0.6011539663853315,0.6192517815776144
1987,24,0.7272698288967244,0.7343765309618354
1987,25,0.87947223216122,0.8806620616282436
1987,26,1.0179455886498645,1.0273658753368378
1987,27,1.179213876134078,1.1434800450557998
1987,28,1.2399036272422617,1.2580910079892038
1987,29,1.3515413988494356,1.3476089161554035
1987,30,1.4523291698932803,1.4523898608059969
1987,31,1.5587708508061753,1.5332641665763342
1987,32,1.5890226303872796,1.6136126376466413
1987,33,1.6924598565338942,1.679036301765841
1987,34,1.7605175963774748,1.7615893137117875
1987,35,1.840098870947704,1.8717067503712737
1987,36,2.014023039812578,1.9400381772309212
1987,37,1.9643233494813677,2.003234765199877
1987,38,2.029949787190858,2.0212764208708407
1987,39,2.065632036876985,2.062514726273174
1987,40,2.0888245520267765,2.0877203342036657
1987,41,2.114311119607309,2.1390572052045558
1987,42,2.2357596971493865,2.2306251606092222
1987,43,2.3466411965429157,2.3113721987154436
1987,44,2.3482242711570955,2.347439745530767
1988,18,0.10130473698907586,0.12970967181019982
1988,19,0.16058621004494303,0.176824347753931
1988,20,0.27041322845398635,0.27821419651921764
1988,21,0.399534026715869,0.39938810566430916
1988,22,0.5218089448582643,0.5003472695847171
1988,23,0.5753069497103815,0.6034766468445818
1988,24,0.702792180751728,0.7168225428387005
1988,25,0.8515931281967083,0.8322990844908369
1988,26,0.9426141494468019,0.9733373190614221
1988,27,1.1286889382750043,1.0987590714056754
1988,28,1.2191985988362342,1.2227818993820685
1988,29,1.316009054545927,1.3332668951992206
1988,30,1.4608280776313467,1.437483477838297
1988,31,1.5379985737825015,1.5075746669172652
1988,32,1.5258047545715103,1.59464879780236
1988,33,1.7239968656265126,1.644924723381649
1988,34,1.6879202053484388,1.75434055337668
1988,35,1.8552858113545077,1.8202783883033402
1988,36,1.9312800868840176,1.9088373658566002
1988,37,1.9424694246106546,1.959651070499303
1988,38,2.006736765529782,1.983680576244082
1988,39,2.0048400405703455,1.9884623076401449
1988,40,1.9546222697906188,2.0331547434477955
1988,41,2.137419774339732,2.059379359510031
1988,42,2.092333530933269,2.164460564746191
1988,43,2.2691583112540603,2.234168598313551
1988,44,2.3456995128438836,2.305947391447835
1990,15,0.0224079704327532,0.026473430979872665
1990,16,0.03047606312606246,0.04474826700989857
1990,17,0.08160195224302316,0.0757879466046078
1990,18,0.11245176434360415,0.15052673243652964
1990,19,0.24271146753521344,0.22047767006063115
1990,20,0.2996629248606593,0.3406040108814909
1990,21,0.4971617804903069,0.462807776124169
1990,22,0.5966937085839085,0.597400228093482
1990,23,0.6858941693649456,0.695067648687494
1990,24,0.7983137650497597,0.7693314600388931
1990,25,0.8219098948454755,0.8677307884598684
1990,26,0.979201737141039,0.965864364784021
1990,27,1.090600949367122,1.1071240398130047
1990,28,1.2463022673931954,1.2140764782548132
1990,29,1.3015565853685571,1.350120645055526
1990,30,1.4992608199605544,1.4510500874606775
1990,31,1.559313342584182,1.5503701110037191
1990,32,1.5930641726358044,1.60089018310348
1990,33,1.6475071933115597,1.6348150463499842
1990,34,1.6657933207993951,1.7243337557488985
1990,35,1.8569544811424048,1.8059339712966704
1990,36,1.8945516232709523,1.8942773844856229
1990,37,1.9351199022587573,1.917998478345661
1990,38,1.9250637135529427,1.9421561547437607
1990,39,1.9655200435535172,1.9476565296400077
1990,40,1.9509335282735853,1.966716286739041
1990,41,1.98452010586156,1.9896055804039132
1990,42,2.0375326182414097,2.0445201509607838
1990,43,2.109829272319713,2.1114329656458874
1990,44,2.2030856966870624,2.1503978773117014
1992,15,0.014048204715772263,0.02404988603707709
1992,16,0.034666099887680164,0.03461518560333315
1992,17,0.05512890623170425,0.07831530613840966
1992,18,0.14425676388532221,0.13672269544203125
1992,19,0.21036917848867742,0.2323780399882697
1992,20,0.3310827376923887,0.32450483960382404
1992,21,0.414260865663576,0.42198686634348087
1992,22,0.5206726777538262,0.5301072943397287
1992,23,0.6766160344388089,0.6643979511594623
1992,24,0.799475381846967,0.7824536694205587
1992,25,0.864382316440106,0.8940418191645633
1992,26,1.01096965351377,0.9891956472939477
1992,27,1.0884395504379374,1.1194209452755066
1992,28,1.2515452924312964,1.229032920730808
1992,29,1.3264830529308338,1.3339435576250598
1992,30,1.4190954667357738,1.415561916505396
1992,31,1.502067782655753,1.5102923762623923
1992,32,1.607937214875219,1.5864043492380526
1992,33,1.6511076815381915,1.656571525310452
1992,34,1.7127669154280216,1.7306859892042017
1992,35,1.8292490952756928,1.7947330228322949
1992,36,1.840289018534357,1.8262348166831024
1992,37,1.8082778313006143,1.86316446854589
1992,38,1.9455655063661887,1.903970971604817
1992,39,1.9638324044155453,1.9659703640856394
1992,40,1.9886065151338745,1.9835331640178118
1992,41,1.9986200120026656,1.9926586899588308
1992,42,1.990939981344794,2.0081986891427834
1992,43,2.0349440212354164,2.034143706174382
1992,44,2.077134946592829,2.0557093931108104
1994,15,0.010838404881440536,0.022886808656459322
1994,16,0.03546236429775184,0.04430755781668875
1994,17,0.08619517889338044,0.09059570902389198
1994,18,0.1515213285415282,0.15854486965501258
1994,19,0.2395397478510853,0.2504422500711999
1994,20,0.36047138508192844,0.35110999854568203
1994,21,0.449739384935726,0.4360863426648283
1994,22,0.4941780854978756,0.524736955685382
1994,23,0.6206101846088253,0.6275392668733148
1994,24,0.7528574278576371,0.7413873593983115
1994,25,0.8599322177965393,0.8696118579521249
1994,26,1.0001123732259416,0.9962090302151843
1994,27,1.1204818557227358,1.0717911374891247
1994,28,1.0935442779475248,1.1704673184469054
1994,29,1.2906084350926008,1.2792752180506746
1994,30,1.435429631155734,1.423365473903118
1994,31,1.5446742164475569,1.500252815028974
1994,32,1.5223808331913828,1.590809013886379
1994,33,1.6993861927054308,1.6726586705822057
1994,34,1.7989411860855067,1.7403477560822627
1994,35,1.724076687121495,1.7933396371261279
1994,36,1.8580481938482132,1.8114853826235304
1994,37,1.8538857125486006,1.87179441403489
1994,38,1.9031629647344424,1.9184002828047921
1994,39,1.9982654958937707,1.9339125862627717
1994,40,1.9001773370721322,1.9432259222556256
1994,41,1.929672648847812,1.9348505158851717
1994,42,1.976659358403956,1.953546936802265
1994,43,1.9541537131535867,2.0002365676733005
1994,44,2.073467929834636,2.013362373700814
1995,15,0.026899149035088922,0.03443818067415224
1995,16,0.04224087682635115,0.05898951334341591
1995,17,0.10999793878723932,0.10162732323995168
1995,18,0.15334238847132334,0.17197168163307114
1995,19,0.25364162836736986,0.2577893563342235
1995,20,0.3711577207289049,0.3775489322166961
1995,21,0.5011064823105944,0.49535441564608124
1995,22,0.6121557669106547,0.5861229428838322
1995,23,0.6497187097531963,0.6629937550373146
1995,24,0.7192587220530821,0.7566880375327047
1995,25,0.893784175632096,0.8464229279749698
1995,26,0.9342454043935888,0.9671874257074634
1995,27,1.0727564729115941,1.062500151923158
1995,28,1.1733209986363804,1.1604626398428988
1995,29,1.2297626442678427,1.2821758143393425
1995,30,1.4336931985844468,1.3874168883350206
1995,31,1.491763885714694,1.498784306949965
1995,32,1.5726009392451534,1.545149745524961
1995,33,1.5700974277369406,1.6316242199523023
1995,34,1.7449210355619744,1.7082794680908453
1995,35,1.8107930728521984,1.7907367548072877
1995,36,1.8182336605725462,1.8316718751658334
1995,37,1.8649925500288762,1.8652513481293527
1995,38,1.9147152338678728,1.9051849091641813
1995,39,1.9400092200788526,1.9379686990107485
1995,40,1.9583553970089924,1.9548889063750932
1995,41,1.9666364617113787,1.958978233245537
1995,42,1.9518833671611469,1.9750919710450339
1995,43,2.007928108936828,1.959545825103605
1995,44,1.919519895837029,1.963481047447539
1998,15,0.03362471939299562,0.06583793609915227
1998,16,0.0980969157869322,0.0928116795333604
1998,17,0.14632321996791478,0.13435261209079416
1998,18,0.15904331350102402,0.18675306892867805
1998,19,0.25403475757418004,0.25606328365626435
1998,20,0.3562755534723077,0.34200747771455203
1998,21,0.4227754903610875,0.44967841072139997
1998,22,0.583986884819603,0.5485038671861671
1998,23,0.6440056809960935,0.6725032665278543
1998,24,0.7814120271377921,0.7682225339974492
1998,25,0.8784254497329099,0.8587477624015892
1998,26,0.91667869871107,0.9333224866859912
1998,27,1.0015943764578645,1.0378747719115253
1998,28,1.1779723852335129,1.1609165767766971
1998,29,1.2867180116983692,1.2724336582737195
1998,30,1.3525383826105457,1.3667315711922003
1998,31,1.4700893853542667,1.4692211631919532
1998,32,1.5825998360512588,1.5528928139465943
1998,33,1.596886116962848,1.6298075642311616
1998,34,1.707716063754433,1.716603063986648
1998,35,1.833632355225594,1.7767874331444793
1998,36,1.7841787664620568,1.833931523212405
1998,37,1.884614966813896,1.8644284640598374
1998,38,1.9253257111249436,1.9232324636295886
1998,39,1.9583403537258963,1.8893064688244656
1998,40,1.7841791370505176,1.8780100527107715
1998,41,1.889995534356598,1.8523063090746597
1998,42,1.882390732989371,1.8933502606071562
1998,43,1.9081371498138708,1.9049460229852935
1998,44,1.925578002108208,1.9166561805419005
2000,15,0.039806720836121814,0.06724267798120646
2000,16,0.09456638795240328,0.08897573757429132
2000,17,0.13322608044354853,0.12998437008355274
2000,18,0.16229872291404418,0.17340763045656948
2000,19,0.2225751246154529,0.24429865562979008
2000,20,0.34801250256226957,0.34808583182982844
2000,21,0.4830144402185441,0.47925102352993953
2000,22,0.6202549843847652,0.6142969080618893
2000,23,0.7349140946822732,0.6919905845162682
2000,24,0.7179878187227237,0.7760956150304094
2000,25,0.8710017092370523,0.8333666901134192
2000,26,0.9024511023798261,0.9525284581968293
2000,27,1.0892259917125244,1.0400925620176409
2000,28,1.125947098400808,1.1618589006921767
2000,29,1.2528420445771848,1.250528520243948
2000,30,1.3609982088012105,1.3429362168471648
2000,31,1.4214766908001504,1.4475077157701604
2000,32,1.5662434716090212,1.5471373322061046
2000,33,1.651365004826274,1.651981951640624
2000,34,1.731510421603788,1.7122642082889301
2000,35,1.750595293558009,1.7784475049293016
2000,36,1.8491451646403037,1.7853091051779209
2000,37,1.7553212326359302,1.8313435038944026
2000,38,1.8933583004181032,1.8654540251452
2000,39,1.9449833358114386,1.8897498790529401
2000,40,1.8308817421380208,1.9204052149626598
2000,41,1.9899222654116893,1.9150649379714242
2000,42,1.9300426362202372,1.9470393478356987
2000,43,1.9219090091278994,1.9161898244193556
2000,44,1.8963692507343548,1.909093839804206
2002,15,0.04322009072633945,0.0642746414175747
2002,16,0.08545438097633967,0.08612054815235351
2002,17,0.13013673367289827,0.14129643913583798
2002,18,0.21025167762614919,0.19092502912124223
2002,19,0.23308365009489823,0.25793743783763057
2002,20,0.3273834472515889,0.3324780644973409
2002,21,0.4361450503669818,0.4155945071629188
2002,22,0.4874555334649711,0.5094200465997384
2002,23,0.6138531110709159,0.6250702172530692
2002,24,0.7676181880940762,0.7337987009183788
2002,25,0.8153329138652228,0.8702590606367531
2002,26,1.0336677036182305,0.9595293028638656
2002,27,1.0283509862620461,1.059413065338349
2002,28,1.113844239170431,1.1324954466359336
2002,29,1.2507696787259657,1.2422207257409545
2002,30,1.360998928707488,1.3359053731022383
2002,31,1.3861014721579674,1.4363178514313497
2002,32,1.5594467381060437,1.5347473982021131
2002,33,1.6751300013747734,1.6555411217349183
2002,34,1.7325897715133203,1.6994170934228345
2002,35,1.6885092922671237,1.7590811827274724
2002,36,1.8469914568187913,1.8110942255438194
2002,37,1.8835787518786768,1.8779510573434477
2002,38,1.9021433311543636,1.8959063360085306
2002,39,1.9015562034901876,1.9197310037894844
2002,40,1.9544816851601334,1.9157515388008528
2002,41,1.8913319161547102,1.9339765839456373
2002,42,1.9572545380402149,1.9171635302262298
2002,43,1.9031652006101434,1.9357884055713745
2002,44,1.9459867826971362,1.924801836950329
2004,15,0.048402400003319905,0.04072539002467249
2004,16,0.03353164538696955,0.05326202940742299
2004,17,0.07719371234148846,0.07116461397250401
2004,18,0.10681303636721894,0.13380460640541378
2004,19,0.22615301031742333,0.20049800913096322
2004,20,0.26517781016303554,0.2920837028901348
2004,21,0.37974312236905894,0.3903147354211862
2004,22,0.5215578643522021,0.5044175760056483
2004,23,0.6059036045799894,0.5975694636087294
2004,24,0.6681625679071637,0.7193875874533786
2004,25,0.8870455599831477,0.835196319007402
2004,26,0.956912712286829,0.9953464290432368
2004,27,1.1498711765237681,1.0666946510717177
2004,28,1.0901197656729527,1.1547386878769763
2004,29,1.2187546512586647,1.2436547548247452
2004,30,1.4235430657997814,1.383714432934898
2004,31,1.516252095285278,1.50006953921073
2004,32,1.55366311649527,1.5770860578529526
2004,33,1.6521901589379178,1.61840416109391
2004,34,1.6455148442523346,1.6985744414156159
2004,35,1.796677059645983,1.776056765161893
2004,36,1.897111462521263,1.8552805022012093
2004,37,1.8779439656253583,1.8898829256014071
2004,38,1.8951750574114603,1.8434916574769398
2004,39,1.7588466763595032,1.8539160108154142
2004,40,1.9062656928806918,1.830674470238303
2004,41,1.8245758021007876,1.9082001642426178
2004,42,1.9997526071800698,1.9074422714110313
2004,43,1.9040597234444603,1.9151765877491662
2004,44,1.8464667828737575,1.8748516409039504
2006,15,0.044529300779227635,0.054421733158730806
2006,16,0.06327237087676327,0.06736021783096323
2006,17,0.09509428299755672,0.08989567801231098
2006,18,0.116105119349468,0.12926790529819354
2006,19,0.17771225553947412,0.18248954533174264
2006,20,0.2506147928654421,0.2735126299512358
2006,21,0.3960503534302602,0.39644400807257013
2006,22,0.5362830504376905,0.4961741778286307
2006,23,0.5496553411969651,0.595260711270075
2006,24,0.6998623899972183,0.6949349547077105
2006,25,0.8278681279613773,0.8282725259480528
2006,26,0.9611105970918199,0.922265507078185
2006,27,0.985147332043154,1.0416872039946377
2006,28,1.179431056517825,1.1239311062728454
2006,29,1.2007701706539395,1.2659798108768932
2006,30,1.4231157622395094,1.3502713842350123
2006,31,1.4367407843118407,1.4940461922946298
2006,32,1.6317252947536744,1.5939835106477451
2006,33,1.7123663236680131,1.7047208929158673
2006,34,1.7614570519775892,1.7887398282187936
2006,35,1.8873777925748336,1.8160159451529105
2006,36,1.797692419320959,1.848008398994322
2006,37,1.858879970399946,1.8445176572298607
2006,38,1.876200930777974,1.8943366980017475
2006,39,1.9502285272098967,1.9002757099272323
2006,40,1.879437532481066,1.882051616136953
2006,41,1.82162662579162,1.8649628050164888
2006,42,1.8943893636241966,1.861564388085687
2006,43,1.869990275120579,1.8684340349109012
2006,44,1.843114362138259,1.8569833985274449
2008,15,0.012962772762954166,0.02270263233023071
2008,16,0.03169913138154602,0.04416122093605257
2008,17,0.08389634967227526,0.08425664966576539
2008,18,0.13967590447465153,0.1340547929810216
2008,19,0.1853414111417014,0.20608853499588087
2008,20,0.29240684762112973,0.27320151537100745
2008,21,0.3410695323190434,0.36600721391676017
2008,22,0.4617312504990157,0.446839854768881
2008,23,0.535569954911853,0.5546356200142384
2008,24,0.6671388378554826,0.656455447999509
2008,25,0.7670355602486761,0.7706523775782095
2008,26,0.8768248002453649,0.8965777751125398
2008,27,1.0353731766243959,1.032708464865375
2008,28,1.1785246975609007,1.1568968002696445
2008,29,1.2634979040052365,1.280133624899143
2008,30,1.4068707280196155,1.3969060986948485
2008,31,1.5232653138274244,1.4862302213546956
2008,32,1.5351544306554492,1.5953021140604557
2008,33,1.7156481677044266,1.697239160827583
2008,34,1.8366530456695427,1.816690405619586
2008,35,1.9042833365098437,1.865066135075544
2008,36,1.8519559662927707,1.8613822270801237
2008,37,1.8309692548442706,1.8660157386010345
2008,38,1.9132146366263978,1.9091935553594495
2008,39,1.984241173932704,1.9455362619138545
2008,40,1.9395976135887416,1.9470577036721737
2008,41,1.9146657382487255,1.923664002473253
2008,42,1.9166153335017888,1.9160466395089484
2008,43,1.9167045631852109,1.8854411101650386
2008,44,1.8242630838706633,1.8715597560980326
2010,15,0.010083668783812299,0.028760594610620555
2010,16,0.047198071922433145,0.03275049035488136
2010,17,0.039593265369041904,0.060761059214034074
2010,18,0.0970014105964421,0.09228452791551768
2010,19,0.14794762842200196,0.17347001540012452
2010,20,0.27342018069472,0.2551116610303339
2010,21,0.33924619992551086,0.35319612440188997
2010,22,0.4497932511160375,0.4327959285601861
2010,23,0.5103180972766632,0.5299236843044652
2010,24,0.6210759716299763,0.6362458377633852
2010,25,0.7744843366403595,0.7479928457150984
2010,26,0.8631830167606027,0.8869139020471842
2010,27,1.0271022123683435,0.9718905668560224
2010,28,1.0209151762496567,1.080539592202913
2010,29,1.181180026897311,1.1851840086565149
2010,30,1.3554253457352108,1.3398116942078921
2010,31,1.48960742864546,1.4750508091495165
2010,32,1.5878629925298025,1.5596528301972195
2010,33,1.6132393152658628,1.64520312692668
2010,34,1.737541118160309,1.7432907434548746
2010,35,1.8823923163117848,1.7851485034255687
2010,36,1.7343879313311117,1.8390159111544955
2010,37,1.8969852729222803,1.8397899404722207
2010,38,1.8796122861666094,1.9026612645568297
2010,39,1.9310166298930935,1.904119871942426
2010,40,1.901815709582593,1.9456926736687703
2010,41,2.0054692787373822,1.9112181655661913
2010,42,1.8221876187546286,1.8970996703060279
2010,43,1.8596372333253035,1.87553694230854
2010,44,1.9443528850410141,1.9014186123848837
2012,15,0.024467430029705382,0.01862720549289979
2012,16,0.01317804131383558,0.02906826458551701
2012,17,0.049169561995578724,0.056180021279539735
2012,18,0.10882679266363947,0.10091563119677803
2012,19,0.1504287677300891,0.17602384282996741
2012,20,0.2683184255552107,0.2511097331626211
2012,21,0.31665612504427326,0.33996854301937857
2012,22,0.4339926434368031,0.40595677186012225
2012,23,0.4819962572018536,0.5097296246189525
2012,24,0.6106901835907959,0.6254291716186365
2012,25,0.789580178969335,0.7446529080866618
2012,26,0.847571093072755,0.8446526348297815
2012,27,0.8970716297933099,0.9248225880820118
2012,28,1.0168906028233566,1.039965303889152
2012,29,1.1946881093124315,1.1818716867010397
2012,30,1.3470416036716715,1.333301583369689
2012,31,1.4593720438453064,1.4622143160655374
2012,32,1.5782598523262081,1.5861904604528552
2012,33,1.7365716520800598,1.67445706563003
2012,34,1.7163853713911588,1.8173818637251435
2012,35,1.9882092074053856,1.9256052794045393
2012,36,2.07445643201186,1.9835045710849324
2012,37,1.8871502286909705,1.9934947563561678
2012,38,2.0183826940155103,1.9619164465261052
2012,39,1.9797979162588328,2.016223409010468
2012,40,2.04900978662848,2.006635368494643
2012,41,1.9925859891329278,2.0274169877658736
2012,42,2.0455730198736393,1.9903877456064802
2012,43,1.9343329075835753,1.9840442081785823
2012,44,1.9725567282242222,1.9522914728472955
2014,15,0.03735438767454056,0.02967525350910269
2014,16,0.0223133226892939,0.028166245939572405
2014,17,0.025314725032234982,0.04706207607131942
2014,18,0.09677840445347652,0.07173325876088432
2014,19,0.09861902924376091,0.13062027701209222
2014,20,0.18963472943011273,0.17056679367012406
2014,21,0.21410003004833497,0.2745564498755838
2014,22,0.43328005125083907,0.36792253405890457
2014,23,0.4571165497142941,0.48225987475506826
2014,24,0.5484712618921707,0.5602333268202138
2014,25,0.6901537566385009,0.6772223830189893
2014,26,0.8085372018137519,0.8213541896079825
2014,27,0.9654965237282067,0.9454476925921147
2014,28,1.0545082296827344,1.0761521110166716
2014,29,1.200963307607779,1.158000318681509
2014,30,1.2269373396713568,1.2843440788721552
2014,31,1.4240982297739992,1.4005748825944957
2014,32,1.5491962345477712,1.5467371398678635
2014,33,1.66688017938847,1.6288484139728596
2014,34,1.6644771444519122,1.7353426691872385
2014,35,1.885646012689826,1.7973565679594072
2014,36,1.855794902360888,1.8830203141208044
2014,37,1.9084072136029184,1.9149932418136337
2014,38,1.984147409224926,1.9570206069676046
2014,39,1.9787958034817066,1.9987728011995092
2014,40,2.0329280650265,2.0225733191761943
2014,41,2.0568853142321193,2.023623858165115
2014,42,1.9836359008248563,2.035393743028174
2014,43,2.065997674311912,2.0014806903884685
2014,44,1.956408939436992,2.0098935150779065
2016,15,0.0160257343707912,0.02876525621210894
2016,16,0.04064305801275275,0.03976395377307057
2016,17,0.06077791955425612,0.04736845099321941
2016,18,0.039858183066475865,0.07164238641511521
2016,19,0.12002053036958159,0.10791104919805006
2016,20,0.16493829564132068,0.18108628871837099
2016,21,0.24826209988736667,0.25409605315267303
2016,22,0.3407084441432053,0.3474326571335978
2016,23,0.4470436099853654,0.4302140729852606
2016,24,0.5019613112546696,0.5211111676431194
2016,25,0.615029912591833,0.6272920857456674
2016,26,0.7572984586396503,0.7553711712887213
2016,27,0.8934770766647395,0.8525646800212745
2016,28,0.9155216267730549,0.9521821331509936
2016,29,1.0450386984761242,1.0733581052081764
2016,30,1.2572864864925957,1.2395819363849496
2016,31,1.427468639444595,1.3944015880094267
2016,32,1.5100508088320226,1.5322375920342626
2016,33,1.6500464512623538,1.585425526050378
2016,34,1.5855265891947188,1.7037095536287816
2016,35,1.894462872034594,1.802480621281455
2016,36,1.9345223457721443,1.952939751531869
2016,37,2.0318455481943944,1.97729021348319
2016,38,1.9706207914944995,2.015205643075841
2016,39,2.0410701835166996,2.0221772470001502
2016,40,2.052491752321385,2.0441384654263657
2016,41,2.038361217240785,2.0622278248754777
2016,42,2.095203235070438,2.0748936740014328
2016,43,2.089958644025246,2.082243527521782
2016,44,2.062640406945352,2.0758745305710096
2018,15,0.016129536246431205,0.021179890044123427
2018,16,0.026079354748699875,0.024665466037534573
2018,17,0.03133384341799819,0.03032035755566877
2018,18,0.033380645984989035,0.06174424622458438
2018,19,0.1309200525502149,0.09672173684284963
2018,20,0.13253931147202075,0.15578186137348626
2018,21,0.20069125988629896,0.216128164572741
2018,22,0.31866675208413525,0.30416280021979974
2018,23,0.3909054224228554,0.4012568481633602
2018,24,0.48818710357304856,0.49421068230853415
2018,25,0.6038730803542334,0.6151689892302878
2018,26,0.7490583863390184,0.739189943238628
2018,27,0.8559703595008513,0.8308714764976926
2018,28,0.8851811854247481,0.9397933872586429
2018,29,1.0742129849514195,1.0339723967179026
2018,30,1.1513336324781045,1.1416446720016955
2018,31,1.2071976903421038,1.2627832314562881
2018,32,1.4297319888280888,1.3825546573625718
2018,33,1.5094175484176096,1.52361994551309
2018,34,1.6246205867068744,1.6114859569445903
2018,35,1.6973016608888407,1.7293308152084603
2018,36,1.869545815024314,1.81765566863597
2018,37,1.891415482477249,1.887682317881693
2018,38,1.9028274217110117,1.8708596743112598
2018,39,1.8161259395469043,1.908965868658995
2018,40,2.0108899919996057,1.9214474404426627
2018,41,1.940126700994419,2.006403910789217
2018,42,2.067903446453387,2.0063825968097686
2018,43,2.0106715769944286,2.0262136725709676
2018,44,1.9991096269052608,2.005146655007766
2020,15,0.027457506886125735,0.018309488325066618
2020,16,0.009812215564227676,0.029589431912507465
2020,17,0.050255624411751756,0.038722904610977896
2020,18,0.05671793942190833,0.061968877591248514
2020,19,0.08263539141699375,0.09205107343874204
2020,20,0.13409083690340917,0.12963629861909742
2020,21,0.16566541547135022,0.17229598327790127
2020,22,0.21793901541320035,0.1963966604474554
2020,23,0.20568353500070216,0.2633208918087104
2020,24,0.36368018181493555,0.40457233958600985
2020,25,0.6344504581147301,0.530169914502105
2020,26,0.5912632264040439,0.6039491473451151
2020,27,0.5852108222770522,0.6745418227720715
2020,28,0.8244551830551199,0.7843698411687575
2020,29,0.9333777633373793,0.9225608048449985
2020,30,1.0270897916368362,1.0180398742819585
2020,31,1.0977023878153556,1.1121704605243787
2020,32,1.201269521475325,1.2327242586631333
2020,33,1.402769294035756,1.3762810373949435
2020,34,1.5271042639193875,1.506903190420488
2020,35,1.5882591273626865,1.613971479739743
2020,36,1.7365677502022168,1.7055438077056828
2020,37,1.8011172743542676,1.7811744395599052
2020,38,1.805846173217663,1.8265209499549169
2020,39,1.869919440275733,1.8529771500962775
2020,40,1.8835875002336697,1.9297640669001348
2020,41,2.043694350759342,1.9698543078112345
2020,42,1.9859239262774235,1.9939861472322367
2020,43,1.9516642315224482,1.9564184419957136
2020,44,1.9313477869131563,1.9415642698059157
2022,15,0.017679073859029455,0.040266352954824475
2022,16,0.06150284524764633,0.03632098326589852
2022,17,0.02792721190150964,0.04111464683996387
2022,18,0.032026581254771966,0.04770833733235851
2022,19,0.08669504971213098,0.0873348722684069
2022,20,0.14197486110905572,0.13193391397610493
2022,21,0.16159233587394042,0.1821675237589544
2022,22,0.2480160347198954,0.2501798728642736
2022,23,0.3434762291823982,0.33941111216060743
2022,24,0.4267835367758849,0.4372452345194176
2022,25,0.5456551735156303,0.5454836766173004
2022,26,0.654993063451011,0.6338303654616417
2022,27,0.6975616717701868,0.738111384665902
2022,28,0.8612422287019004,0.8409010180379786
2022,29,0.9500283746625423,0.9556222011552109
2022,30,1.0420418451309668,1.0280360690486385
2022,31,1.095333941689664,1.1502614907431603
2022,32,1.3148741058051667,1.279206780079531
2022,33,1.434195039396173,1.4021427582008004
2022,34,1.462788873225865,1.4898662561377387
2022,35,1.5689733140050575,1.616093136502489
2022,36,1.8272203706240933,1.7043874650741129
2022,37,1.720396806582907,1.7981964222748634
2022,38,1.8447200699527098,1.807997675779038
2022,39,1.8601949600619567,1.8763660931103732
2022,40,1.9258499629340862,1.8885633629770942
2022,41,1.879123484092584,1.9145577381506647
2022,42,1.939942550001309,1.9192262978917745
2022,43,1.9422905424612977,1.9200327362163687
2022,44,1.8773982975282786,1.9090464851346782
2024,15,0.019714228613864564,0.019236192346346263
2024,16,0.018792199220604117,0.02192174675554934
2024,17,0.027023497999470975,0.023528537004761676
2024,18,0.02478615800191952,0.05172811177017107
2024,19,0.11239609880047909,0.06753097972215198
2024,20,0.07096944981181151,0.10291226536750987
2024,21,0.12511730203545854,0.1346821231264696
2024,22,0.20140079820106432,0.1981358582845005
2024,23,0.2653865714795431,0.27593491295631084
2024,24,0.3565564711518102,0.3438127404578773
2024,25,0.4026666361014929,0.4290357888843093
2024,26,0.5461802706572667,0.5543075979298927
2024,27,0.7227842098292192,0.6672323663389553
2024,28,0.7200025964370932,0.7668287629431698
2024,29,0.8615274263755046,0.8530353338612312
2024,30,0.9711947225284873,0.9819422583478146
2024,31,1.1155768544132387,1.107443281511296
2024,32,1.238823530640354,1.2355918844798148
2024,33,1.3336815269981301,1.321427027097543
2024,34,1.3839198835612698,1.46257883700989
2024,35,1.6917244293866889,1.521907378387807
2024,36,1.5056417437834724,1.6561356465226063
2024,37,1.7737819804732646,1.7328365503575434
2024,38,1.9267858745287287,1.8338257257826263
2024,39,1.8054265199433015,1.8837098523594964
2024,40,1.9302159515838484,1.872694146705677
2024,41,1.8914456341538508,1.8872547862536122
2024,42,1.8417339930333843,1.8900554114697863
2024,43,1.935259792660692,1.9238148887225752
2024,44,1.9997366765706561,1.9656393024597558
