date,expinf5yr,unrate,nrou,core_pce,mich,gdp,job_openings,median_cpi,FRB_exp,core_pce_changeA,unrate_slack,FRB_post1991,lagged_1,lagged_2,predicted_1980_2019,predicted_1970_2019
1959-04-01,NA,5.2,5.438085556030273,16.762,NA,522.653,NA,NA,NA,1.7855624799455017,-0.23808555603027326,NA,NA,NA,NA,NA
1959-07-01,NA,5.1,5.443927,16.871,NA,525.034,NA,NA,NA,2.6266036311888508,-0.34392700000000076,NA,1.7855624799455017,NA,NA,NA
1959-10-01,NA,5.7,5.450064,16.972,NA,528.6,NA,NA,NA,2.4162313020252846,0.24993599999999994,NA,2.6266036311888508,1.7855624799455017,NA,NA
1960-01-01,NA,5.2,5.456452369689941,17.033,NA,542.648,NA,NA,NA,1.445431390355001,-0.25645236968994123,NA,2.4162313020252846,2.6266036311888508,NA,NA
1960-04-01,NA,5.2,5.463051,17.098,NA,541.08,NA,NA,NA,1.5352085796878523,-0.2630509999999999,NA,1.445431390355001,2.4162313020252846,NA,NA
1960-07-01,NA,5.5,5.469829559326172,17.166,NA,545.604,NA,NA,NA,1.6003447915291735,0.030170440673828125,NA,1.5352085796878523,1.445431390355001,NA,NA
1960-10-01,NA,6.1,5.47677,17.214,NA,540.197,NA,NA,NA,1.1231901147680246,0.6232299999999995,NA,1.6003447915291735,1.5352085796878523,NA,NA
1961-01-01,NA,6.6,5.483875,17.259,NA,545.018,NA,NA,NA,1.0497679315037312,1.1161249999999994,NA,1.1231901147680246,1.6003447915291735,NA,NA
1961-04-01,NA,7,5.4911650000000005,17.306,NA,555.545,NA,NA,NA,1.0937443785751677,1.5088349999999995,NA,1.0497679315037312,1.1231901147680246,NA,NA
1961-07-01,NA,7,5.498675346374512,17.381,NA,567.664,NA,NA,NA,1.744804294608815,1.5013246536254883,NA,1.0937443785751677,1.0497679315037312,NA,NA
1961-10-01,NA,6.5,5.506455421447754,17.44,NA,580.612,NA,NA,NA,1.3647337819932215,0.9935445785522461,NA,1.744804294608815,1.0937443785751677,NA,NA
1962-01-01,NA,5.8,5.514558999999999,17.478,NA,594.013,NA,NA,NA,0.8744123338263021,0.2854410000000005,NA,1.3647337819932215,1.744804294608815,NA,NA
1962-04-01,NA,5.6,5.523042,17.551,NA,600.366,NA,NA,NA,1.681167666035699,0.07695799999999942,NA,0.8744123338263021,1.3647337819932215,NA,NA
1962-07-01,NA,5.4,5.5319504737854,17.623,NA,609.027,NA,NA,NA,1.6510572529632395,-0.13195047378540004,NA,1.681167666035699,0.8744123338263021,NA,NA
1962-10-01,NA,5.4,5.5413239999999995,17.659,NA,612.28,NA,NA,NA,0.8196211926116748,-0.14132399999999912,NA,1.6510572529632395,1.681167666035699,NA,NA
1963-01-01,NA,5.7,5.551188,17.711,NA,621.672,NA,NA,NA,1.1830825258401179,0.1488120000000004,NA,0.8196211926116748,1.6510572529632395,NA,NA
1963-04-01,NA,5.7,5.561552,17.763,NA,629.752,NA,NA,NA,1.1795936717823308,0.13844800000000035,NA,1.1830825258401179,0.8196211926116748,NA,NA
1963-07-01,NA,5.6,5.572411,17.842,NA,644.444,NA,NA,NA,1.7908818736198873,0.027588999999999864,NA,1.1795936717823308,1.1830825258401179,NA,NA
1963-10-01,NA,5.5,5.583747386932373,17.93,NA,653.938,NA,NA,NA,1.9875169028968687,-0.08374738693237305,NA,1.7908818736198873,1.1795936717823308,NA,NA
1964-01-01,NA,5.6,5.595527648925781,17.997,NA,669.822,NA,NA,NA,1.5031005063805392,0.004472351074218395,NA,1.9875169028968687,1.7908818736198873,NA,NA
1964-04-01,NA,5.3,5.607705999999999,18.065,NA,678.674,NA,NA,NA,1.5199504200918312,-0.3077059999999996,NA,1.5031005063805392,1.9875169028968687,NA,NA
1964-07-01,NA,4.9,5.620222568511963,18.111,NA,692.031,NA,NA,NA,1.0224411251996468,-0.7202225685119625,NA,1.5199504200918312,1.5031005063805392,NA,NA
1964-10-01,NA,5.1,5.633007,18.149,NA,697.319,NA,NA,NA,0.8419140456503049,-0.5330070000000005,NA,1.0224411251996468,1.5199504200918312,NA,NA
1965-01-01,NA,4.9,5.645976999999999,18.226,NA,717.79,NA,NA,NA,1.7078938669928823,-0.745976999999999,NA,0.8419140456503049,1.0224411251996468,NA,NA
1965-04-01,NA,4.8,5.659044000000001,18.28,NA,730.191,NA,NA,NA,1.19039748063563,-0.8590440000000008,NA,1.7078938669928823,0.8419140456503049,NA,NA
1965-07-01,NA,4.4,5.672116,18.327,NA,749.323,NA,NA,NA,1.0324195749631615,-1.2721159999999996,NA,1.19039748063563,1.7078938669928823,NA,NA
1965-10-01,NA,4.2,5.685105,18.377,NA,771.857,NA,NA,NA,1.095760103712795,-1.485105,NA,1.0324195749631615,1.19039748063563,NA,NA
1966-01-01,NA,4,5.69793,18.473,NA,795.734,NA,NA,NA,2.105999191443364,-1.6979300000000004,NA,1.095760103712795,1.0324195749631615,NA,NA
1966-04-01,NA,3.8,5.710529,18.608,NA,804.981,NA,NA,NA,2.955385384679232,-1.9105290000000004,NA,2.105999191443364,1.095760103712795,NA,NA
1966-07-01,NA,3.8,5.722861,18.773,NA,819.638,NA,NA,NA,3.5943169112540474,-1.9228610000000002,NA,2.955385384679232,2.105999191443364,NA,NA
1966-10-01,NA,3.7,5.734915,18.927,NA,833.302,NA,NA,NA,3.3219057155770004,-2.034915,NA,3.5943169112540474,2.955385384679232,NA,NA
1967-01-01,NA,3.9,5.746704,19.05,NA,844.17,NA,NA,NA,2.6249105396930483,-1.8467040000000003,NA,3.3219057155770004,3.5943169112540474,NA,NA
1967-04-01,NA,3.8,5.7582700000000004,19.165,NA,848.983,NA,NA,NA,2.436651669740808,-1.9582700000000006,NA,2.6249105396930483,3.3219057155770004,NA,NA
1967-07-01,NA,3.8,5.769672,19.322,NA,865.233,NA,NA,NA,3.317292515414838,-1.969672,NA,2.436651669740808,2.6249105396930483,NA,NA
1967-10-01,NA,4,5.780983999999999,19.523,NA,881.439,NA,NA,NA,4.226440466431169,-1.7809839999999992,NA,3.317292515414838,2.436651669740808,NA,NA
1968-01-01,NA,3.7,5.792286,19.72,NA,909.387,NA,NA,NA,4.097769812812135,-2.0922859999999996,NA,4.226440466431169,3.317292515414838,NA,NA
1968-04-01,NA,3.5,5.803658485412598,19.957,NA,934.344,NA,NA,NA,4.8946617571340445,-2.3036584854125977,NA,4.097769812812135,4.226440466431169,NA,NA
1968-07-01,NA,3.7,5.815175533294678,20.178,NA,950.825,NA,NA,NA,4.503645711681714,-2.1151755332946776,NA,4.8946617571340445,4.097769812812135,NA,NA
1968-10-01,NA,3.4,5.826905,20.422,NA,968.03,NA,NA,NA,4.925395920237663,-2.426905,NA,4.503645711681714,4.8946617571340445,NA,NA
1969-01-01,NA,3.4,5.838901,20.638,NA,993.337,NA,NA,NA,4.298327690368664,-2.438901,NA,4.925395920237663,4.503645711681714,NA,NA
1969-04-01,NA,3.4,5.85120964050293,20.886,NA,1009.02,NA,NA,NA,4.894003672107949,-2.4512096405029298,NA,4.298327690368664,4.925395920237663,NA,NA
1969-07-01,NA,3.5,5.863864,21.139,NA,1029.956,NA,NA,NA,4.934104430132735,-2.3638640000000004,NA,4.894003672107949,4.298327690368664,NA,NA
1969-10-01,NA,3.7,5.876888,21.375,NA,1038.147,NA,NA,NA,4.54102130438061,-2.176888,NA,4.934104430132735,4.894003672107949,NA,NA
1970-01-01,NA,3.9,5.890298366546631,21.608,NA,1051.2,NA,NA,NA,4.4320470743211215,-1.990298366546631,NA,4.54102130438061,4.934104430132735,NA,NA
1970-04-01,NA,4.6,5.9041,21.857,NA,1067.375,NA,NA,NA,4.689692543485435,-1.3041,NA,4.4320470743211215,4.54102130438061,NA,NA
1970-07-01,NA,5,5.918292,22.098,NA,1086.059,NA,NA,NA,4.483970498460299,-0.9182920000000001,NA,4.689692543485435,4.4320470743211215,NA,NA
1970-10-01,NA,5.5,5.932861,22.376,NA,1088.608,NA,NA,NA,5.127887248330976,-0.43286099999999994,NA,4.483970498460299,4.689692543485435,NA,NA
1971-01-01,NA,5.9,5.947782,22.694,NA,1135.156,NA,NA,3.0976,5.806997043562667,-0.04778199999999977,NA,5.127887248330976,4.483970498460299,3.0842180454283543,4.526736858803119
1971-04-01,NA,5.9,5.9630160000000005,22.939,NA,1156.271,NA,NA,3.0976,4.388756323807308,-0.06301600000000018,NA,5.806997043562667,5.127887248330976,3.264714050951713,5.034119962126614
1971-07-01,NA,6,5.978505611419678,23.218,NA,1177.675,NA,NA,3.0976,4.9545574789076285,0.021494388580322266,NA,4.388756323807308,5.806997043562667,3.0361772223551586,4.423847255762207
1971-10-01,NA,5.8,5.994177,23.326,NA,1190.297,NA,NA,3.4937,1.8736479075830426,-0.19417699999999982,NA,4.9545574789076285,4.388756323807308,3.2382519120454596,4.549780634164063
1972-01-01,NA,5.8,6.00994,23.552,NA,1230.609,NA,NA,3.4937,3.9321916467951246,-0.20994000000000046,NA,1.8736479075830426,4.9545574789076285,2.681508409748588,3.0420401184504593
1972-04-01,NA,5.7,6.02569055557251,23.717,NA,1266.369,NA,NA,3.4937,2.831896088761532,-0.3256905555725096,NA,3.9321916467951246,1.8736479075830426,2.857342913479246,3.455696344613061
1972-07-01,NA,5.6,6.041316999999999,23.888,NA,1290.566,NA,NA,3.4937,2.9153480625597084,-0.44131699999999974,NA,2.831896088761532,3.9321916467951246,2.800420800820728,3.347345935448124
1972-10-01,NA,5.6,6.056706,24.032,NA,1328.904,NA,NA,3.9173,2.433143284779371,-0.4567060000000005,NA,2.9153480625597084,2.831896088761532,2.9381281319505765,3.274185246189252
1973-01-01,NA,4.9,6.0717453956604,24.183,NA,1377.49,NA,NA,3.9173,2.5371027920908507,-1.1717453956604,NA,2.433143284779371,2.9153480625597084,2.876602619489838,3.1177833384922042
1973-04-01,NA,5,6.086335,24.498,NA,1413.887,NA,NA,3.9173,5.312959566332687,-1.086335,NA,2.5371027920908507,2.433143284779371,2.857893298779237,3.054856539373766
1973-07-01,NA,4.8,6.100386619567871,24.805,NA,1433.838,NA,NA,3.9173,5.107668886063976,-1.3003866195678713,NA,5.312959566332687,2.5371027920908507,3.4134251034423304,4.577242006683309
1973-10-01,NA,4.6,6.11383056640625,25.143,NA,1476.289,NA,NA,3.9173,5.562934870632796,-1.5138305664062504,NA,5.107668886063976,5.312959566332687,3.587462309152552,5.116842680727118
1974-01-01,NA,5.1,6.126616477966309,25.529,NA,1491.209,NA,NA,4.211033333333333,6.2837408544748286,-1.026616477966309,NA,5.562934870632796,5.107668886063976,3.7835226165280305,5.3462947976119795
1974-04-01,NA,5.1,6.138715,26.086,NA,1530.056,NA,NA,4.889733333333333,9.01713048057906,-1.0387150000000007,NA,6.2837408544748286,5.562934870632796,4.282677379380056,6.038588574788142
1974-07-01,NA,5.5,6.1501145362854,26.843,NA,1560.026,NA,NA,5.0722,12.122880312121032,-0.6501145362854004,NA,9.01713048057906,6.2837408544748286,4.941072272220839,7.664171773494576
1974-10-01,NA,6,6.1608195304870605,27.559,NA,1599.679,NA,NA,5.0722,11.103979239000905,-0.16081953048706055,NA,12.122880312121032,9.01713048057906,5.730436347484765,9.873682156924207
1975-01-01,NA,8.1,6.170844000000001,28.119,NA,1616.116,NA,NA,5.0722,8.379131826820508,1.929155999999999,NA,11.103979239000905,12.122880312121032,5.686682795593726,9.794288910860335
1975-04-01,NA,8.8,6.180209,28.604,NA,1651.853,NA,NA,5.095066666666667,7.079809649482582,2.619791000000001,NA,8.379131826820508,11.103979239000905,5.066668288267888,8.046101458441887
1975-07-01,NA,8.6,6.188934,29.044,NA,1709.82,NA,NA,5.1408,6.296419235066297,2.411066,NA,7.079809649482582,8.379131826820508,4.640996422600385,6.780290161453394
1975-10-01,NA,8.4,6.197032451629639,29.448,NA,1761.831,NA,NA,5.1408,5.681143887451312,2.2029675483703617,NA,6.296419235066297,7.079809649482582,4.399677494573639,6.095360132423931
1976-01-01,NA,7.9,6.204509,29.976,NA,1820.487,NA,NA,4.878833333333333,7.367169141449548,1.6954910000000005,NA,5.681143887451312,6.296419235066297,4.114986977971279,5.570391481549721
1976-04-01,NA,7.7,6.211358000000001,30.312,NA,1852.332,NA,NA,4.402866666666667,4.559536337213199,1.4886419999999996,NA,7.367169141449548,5.681143887451312,4.177129745255047,6.206998929408202
1976-07-01,NA,7.8,6.217563,30.748,NA,1886.558,NA,NA,4.4988,5.878826825556804,1.5824369999999996,NA,4.559536337213199,7.367169141449548,3.7986534809778765,5.113103963754352
1976-10-01,NA,7.7,6.2230989999999995,31.258,NA,1934.273,NA,NA,4.4988,6.801476754578184,1.4769010000000007,NA,5.878826825556804,4.559536337213199,3.8506032907425003,5.194334262361847
1977-01-01,NA,7.5,6.227931,31.763,NA,1988.648,NA,NA,4.4988,6.620646368510252,1.2720690000000001,NA,6.801476754578184,5.878826825556804,4.135558285100413,6.004523411153769
1977-04-01,NA,7.2,6.232016563415527,32.253,NA,2055.909,NA,NA,4.616,6.314966807293798,0.9679834365844728,NA,6.620646368510252,6.801476754578184,4.236071486024675,6.185967443784681
1977-07-01,NA,6.9,6.235309,32.813,NA,2118.473,NA,NA,4.8504,7.1280717151443795,0.6646910000000004,NA,6.314966807293798,6.620646368510252,4.28636853233347,6.088237657207584
1977-10-01,NA,6.8,6.237757,33.273,NA,2164.27,NA,NA,4.8504,5.7265561215305905,0.5622429999999996,NA,7.1280717151443795,6.314966807293798,4.425577415912105,6.463058837653611
1978-01-01,NA,6.4,6.239311,33.819,5.2,2202.76,NA,NA,5.038633333333333,6.727222368829833,0.16068900000000053,NA,5.7265561215305905,7.1280717151443795,4.318023324640514,6.003893016129696
1978-04-01,NA,6.1,6.239927,34.354,6.7,2331.633,NA,NA,5.4151,6.479547869689117,-0.13992700000000013,NA,6.727222368829833,5.7265561215305905,4.599643228303605,6.368299905062462
1978-07-01,NA,6.2,6.239574432373047,34.953,6.6,2395.053,NA,NA,5.4151,7.15898285025196,-0.0395744323730467,NA,6.479547869689117,6.727222368829833,4.6221298843276415,6.450467374399048
1978-10-01,NA,5.8,6.238234519958496,35.603,7.4,2476.949,NA,NA,5.659166666666667,7.648640435992138,-0.43823451995849627,NA,7.15898285025196,6.479547869689117,4.867204275231005,6.874799880212292
1979-01-01,NA,5.9,6.235909461975098,36.118,7.8,2526.61,NA,NA,6.1473,5.912787309487344,-0.3359094619750973,NA,7.648640435992138,7.15898285025196,5.242707157017511,7.424042109029274
1979-04-01,NA,5.8,6.232616999999999,36.78,9.7,2591.247,NA,NA,6.1473,7.535565915098363,-0.4326169999999996,NA,5.912787309487344,7.648640435992138,4.944921240716587,6.622938739269343
1979-07-01,NA,5.7,6.2283935546875,37.495,9.9,2667.565,NA,NA,6.7167,8.005664227168264,-0.5283935546874998,NA,7.535565915098363,5.912787309487344,5.407552899366716,7.277869455389474
1979-10-01,NA,6,6.22329,38.279,9,2723.883,NA,NA,6.7167,8.62978081695054,-0.22329000000000043,NA,8.005664227168264,7.535565915098363,5.608413154454118,7.858132994539191
1980-01-01,NA,6.3,6.217370510101318,39.095,10.4,2789.842,NA,NA,6.7167,8.803417037986417,0.08262948989868146,NA,8.62978081695054,8.005664227168264,5.7535856595744255,8.260811529883448
1980-04-01,NA,6.9,6.210709,40.056,10.1,2797.352,NA,NA,6.7167,10.200976715076804,0.6892910000000008,NA,8.803417037986417,8.62978081695054,5.8115943729897515,8.42473844659659
1980-07-01,NA,7.8,6.2033879999999995,40.932,9.6,2856.483,NA,NA,6.7167,9.03892175099974,1.5966120000000004,NA,10.200976715076804,8.803417037986417,6.06327136108959,9.103500213919746
1980-10-01,NA,7.5,6.19549560546875,41.959,9.6,2985.557,NA,NA,7.052499999999999,10.42023191823198,1.30450439453125,NA,9.03892175099974,10.200976715076804,6.112313923268256,8.935332603113979
1981-01-01,NA,7.5,6.187123000000001,42.912,9.5,3124.206,NA,NA,7.7241,9.399291123720133,1.3128769999999994,NA,10.42023191823198,9.03892175099974,6.615683843743951,9.610217960388136
1981-04-01,NA,7.2,6.178361415863037,43.744,8,3162.532,NA,NA,7.47,7.983884646814987,1.021638584136963,NA,9.399291123720133,10.42023191823198,6.40874473381813,9.3346067614493915
1981-07-01,NA,7.2,6.169302463531494,44.532,6.8,3260.609,NA,NA,7.22,7.402608693159141,1.030697536468506,NA,7.983884646814987,9.399291123720133,5.937639021868946,8.276210643902326
1981-10-01,NA,7.9,6.160031,45.393,6.7,3280.818,NA,NA,7.33,7.960961163804403,1.7399690000000003,NA,7.402608693159141,7.983884646814987,5.74617558154398,7.601928634753208
1982-01-01,6.4809404,8.6,6.150627,46.108,5.1,3274.302,NA,NA,6.76,6.450962850298914,2.4493729999999996,NA,7.960961163804403,7.402608693159141,5.5130672274699855,7.5147957600999264
1982-04-01,6.0649134,9.3,6.141159534454346,46.672,4.7,3331.972,NA,NA,6.359998999999999,4.983369881676802,3.158840465545655,NA,6.450962850298914,7.960961163804403,5.043563469567718,6.636658895845501
1982-07-01,6.26947,9.8,6.131687,47.468,5,3366.322,NA,NA,6.365573262295082,6.998598120467059,3.6683130000000004,NA,4.983369881676802,6.450962850298914,4.6299868370251795,5.461225771996165
1982-10-01,5.5024134,10.4,6.122254,48.166,4.7,3402.561,NA,NA,6.199999,6.012869657885633,4.2777460000000005,NA,6.998598120467059,4.983369881676802,4.811571991770421,6.082514003694373
1983-01-01,4.9032371,10.4,6.112889,48.83,2.8,3473.413,NA,5.01465339985201,5.92,5.629341358307127,4.287111,NA,6.012869657885633,6.998598120467059,4.635215519729938,5.926323305784202
1983-04-01,4.8977683,10.2,6.103606,49.222,3.4,3578.848,NA,4.8280541519995195,6.18,3.2500158960438785,4.096393999999999,NA,5.629341358307127,6.012869657885633,4.618721368009461,5.601155635965193
1983-07-01,5.0530661,9.4,6.094400405883789,49.856,3.2,3689.179,NA,3.69758219019019,6.229998999999999,5.25256837494632,3.3055995941162113,NA,3.2500158960438785,5.629341358307127,4.180133690397004,4.355526778297068
1983-10-01,5.176661,8.8,6.085254,50.405,3.7,3794.706,NA,4.70970672176305,6.25,4.477975770852249,2.7147460000000008,NA,5.25256837494632,3.2500158960438785,4.424086669873002,4.957154537131794
1984-01-01,5.2895805,8,6.076131,50.729,3.2,3908.054,NA,4.8524904574294405,6.18,2.5960709012880834,1.9238689999999998,NA,4.477975770852249,5.25256837494632,4.417510174381239,5.064545714398518
1984-04-01,5.5447374,7.7,6.066982,51.483,3.9,4009.601,NA,4.47375381987558,6.102458508196721,6.079186069720421,1.6330179999999999,NA,2.5960709012880834,4.477975770852249,3.9673922124451595,3.899939927644841
1984-07-01,5.9872872,7.5,6.057761,51.947,3.4,4084.25,NA,4.70970672176305,5.649998999999999,3.65410409537561,1.4422389999999998,NA,6.079186069720421,2.5960709012880834,4.295707489188948,5.211643835668429
1984-10-01,5.4775321,7.4,6.048421382904053,52.315,3.5,4148.551,NA,3.4965341186496497,5.3,2.863910893847943,1.3515786170959476,NA,3.65410409537561,6.079186069720421,3.918541292631085,4.611120937871139
1985-01-01,5.2678966,7.3,6.0389029999999995,52.928,2.9,4230.168,NA,3.07490272291309,4.953389830508474,4.770017276163707,1.2610970000000004,NA,2.863910893847943,3.65410409537561,3.4221780997321303,3.551013101985056
1985-04-01,5.1858666,7.3,6.029139518737793,53.453,3.3,4294.887,NA,4.49361632464027,5.0749995,4.027079062856775,1.2708604812622069,NA,4.770017276163707,2.863910893847943,3.792107419136022,4.421637777057314
1985-07-01,4.6871707,7.4,6.019057,53.973,2.8,4386.773,NA,2.4314834419624702,5.295,3.9484205233199843,1.3809430000000003,NA,4.027079062856775,4.770017276163707,3.8903913192577817,4.509908582350345
1985-10-01,4.7330919,7.1,6.008578,54.436,3.3,4444.094,NA,3.4628544852426404,5.211310475409836,3.475751340415778,1.0914219999999997,NA,3.9484205233199843,4.027079062856775,3.7904300692102493,4.308433757656529
1986-01-01,4.212592,6.7,5.997622,55.014,2.9,4507.894,NA,4.42330037720973,4.877118118644067,4.315314280418026,0.7023780000000004,NA,3.475751340415778,3.9484205233199843,3.546957253393679,3.98248011651509
1986-04-01,3.5732099,7.1,5.98611,55.424,2.4,4545.34,NA,4.16962440517514,4.851427912087912,3.0145504301572146,1.1138899999999996,NA,4.315314280418026,3.475751340415778,3.6478726448908407,4.267782119476823
1986-07-01,3.7326121,7,5.973967552185058,55.786,2.8,4607.669,NA,4.01960626544133,4.718851950819672,2.6382942730405423,1.0260324478149423,NA,3.0145504301572146,4.315314280418026,3.3969734633145343,3.7353945138404696
1986-10-01,3.6682398,7,5.961125373840332,56.274,3.2,4657.627,NA,4.17062103943193,4.705217054347826,3.5452676417040863,1.038874626159668,NA,2.6382942730405423,3.0145504301572146,3.220167831031471,3.2372807632842187
1987-01-01,3.561959,6.6,5.947525501251221,56.601,2.9,4722.156,NA,5.35829784555726,4.884999499999999,2.344679826809104,0.6524744987487789,NA,3.5452676417040863,2.6382942730405423,3.4687562556577767,3.732713612204246
1987-04-01,3.6790244,6.3,5.9331254959106445,57.123,3,4806.16,NA,4.732865770015731,4.895737196721311,3.7403274160635824,0.3668745040893553,NA,2.344679826809104,3.5452676417040863,3.3181228073766365,3.3345197743209325
1987-07-01,4.0378481,6.1,5.917901515960693,57.589,3.1,4884.555,NA,4.18781448084542,5.080819672131147,3.3032817060208775,0.18209848403930629,NA,3.7403274160635824,2.344679826809104,3.5957260751937032,3.8828864703664574
1987-10-01,4.3840176,6,5.901855,58.26,3.3,5007.994,NA,3.78495509165797,4.739999999999999,4.742701729143262,0.0981449999999997,NA,3.3032817060208775,3.7403274160635824,3.4543945537846046,3.8709624988098232
1988-01-01,4.2185048,5.7,5.885015,58.781,3.2,5073.372,NA,3.3185913873762,4.835,3.6253378334885067,-0.18501499999999993,NA,4.742701729143262,3.3032817060208775,3.75772351015622,4.598222011707965
1988-04-01,4.0993614,5.4,5.86744,59.441,3.3,5190.036,NA,4.73749799282637,4.645,4.567457354796067,-0.46743999999999986,NA,3.6253378334885067,4.742701729143262,3.5666855449436596,4.302871644295626
1988-07-01,4.1914496,5.4,5.8492169999999994,60.14,4.6,5282.835,NA,4.5707267155337306,4.52,4.787448700525898,-0.4492169999999991,NA,4.567457354796067,3.6253378334885067,3.6065024915256108,4.512101231661097
1988-10-01,4.1905648,5.4,5.8304524421691895,60.843,3.9,5399.509,NA,4.27269773492314,4.266847826086956,4.758382462299782,-0.4304524421691891,NA,4.787448700525898,4.567457354796067,3.5974916429558843,4.7621295752680135
1989-01-01,4.4231783,5.4,5.811267375946045,61.522,3.5,5511.253,NA,4.6814217758314,4.29,4.539231323387316,-0.41126737594604457,NA,4.758382462299782,4.787448700525898,3.6185536586934757,4.801017368149961
1989-04-01,4.4522620999999996,5.2,5.791787,62.07,4.3,5612.463,NA,4.87906302071213,4.34,3.610841289587907,-0.5917870000000001,NA,4.539231323387316,4.758382462299782,3.6042654613379974,4.713643085073806
1989-07-01,3.9122299,5.2,5.772135,62.581,4.1,5695.365,NA,5.814260243977491,4.13,3.333945700028118,-0.5721349999999994,NA,3.610841289587907,4.539231323387316,3.306206489332752,4.10528072431843
1989-10-01,3.9787139,5.3,5.7524285316467285,63.114,3.6,5747.237,NA,5.16912809772758,3.905737704918033,3.450555641820907,-0.4524285316467287,NA,3.333945700028118,3.610841289587907,3.0717322797246958,3.6678294606772677
1990-01-01,3.9338049,5.4,5.7327650000000006,63.706,4.1,5872.701,NA,5.216139934786219,3.655737704918033,3.8050607860834695,-0.3327650000000002,NA,3.450555641820907,3.333945700028118,2.9498903972400834,3.5782151573570062
1990-04-01,4.09831,5.4,5.713230609893799,64.515,3.6,5960.028,NA,5.3143738222831205,3.87,5.177164257274303,-0.3132306098937985,NA,3.8050607860834695,3.450555641820907,3.1293014768750673,3.8554686600071957
1990-07-01,3.9965096,5.5,5.693902492523193,65.128,3.4,6015.116,NA,5.30267168754286,3.988032786885246,3.8551794544797735,-0.19390249252319336,NA,5.177164257274303,3.8050607860834695,3.4746679212236162,4.686417237893157
1990-10-01,4.2196479,5.9,5.674851417541504,65.85,4.8,6004.733,NA,4.5533504844391395,3.898360655737705,4.508628947751725,0.22514858245849645,NA,3.8551794544797735,5.177164257274303,3.2612314472108785,4.218126851576661
1991-01-01,3.9044912,6.4,5.6561455726623535,66.35,3.9,6035.178,NA,5.5627844862673,3.912203389830509,3.0719735305993146,0.7438544273376468,NA,4.508628947751725,3.8551794544797735,3.2778565396548642,4.213309338868968
1991-04-01,3.8447069,6.7,5.6378379999999995,66.805,3.2,6126.862,NA,3.37276123638892,3.94,2.7713743936801594,1.0621620000000007,NA,3.0719735305993146,4.508628947751725,3.048600713518084,3.569411903409115
1991-07-01,3.9622367,6.8,5.619961,67.421,3.1,6205.937,NA,4.44203031238106,3.68,3.7396756325892344,1.1800389999999998,NA,2.7713743936801594,3.0719735305993146,2.7547324973503535,2.994406438062859
1991-10-01,3.6371727,7,5.6025339999999995,68.026,3.2,6264.54,NA,2.3353501360496898,3.6,3.6379896201915507,1.3974660000000005,NA,3.7396756325892344,2.7713743936801594,2.8745720625567457,3.3923543795207785
1992-01-01,3.3735655,7.3,5.58557653427124,68.507,2.7,6363.102,NA,1.73273035529145,3.3,2.85846994809702,1.7144234657287596,3.3,3.6379896201915507,3.7396756325892344,2.7716406302540357,3.4294019063384376
1992-04-01,3.6454319,7.4,5.569083999999999,69.091,3,6470.763,NA,2.4282942622323196,3.5,3.453720911646241,1.830916000000001,3.5,2.85846994809702,3.6379896201915507,2.7038696755609624,3.039760493073282
1992-07-01,3.4417603,7.7,5.553058999999999,69.503,2.7,6566.641,NA,1.77845400998218,3.35,2.4066804587796975,2.146941000000001,3.35,3.453720911646241,2.85846994809702,2.6784812093658776,3.0994018149902547
1992-10-01,3.0571779,7.3,5.537511,69.948,2.8,6680.803,NA,3.78383780857443,3.2,2.585741666430197,1.7624889999999995,3.2,2.4066804587796975,3.453720911646241,2.4612761695330856,2.6751730567611087
1993-01-01,3.2961372,7.3,5.522455,70.435,2.9,6729.459,NA,3.4429238476257495,3.1,2.8141454729273763,1.777545,3.1,2.585741666430197,2.4066804587796975,2.369949850612864,2.5027588162204686
1993-04-01,3.0250809,7.1,5.507904529571533,70.929,3,6808.939,NA,4.09652033621579,3.3,2.8350756833501523,1.5920954704284664,3.3,2.8141454729273763,2.585741666430197,2.5301227773754924,2.7459707234613298
1993-07-01,2.9083766,6.9,5.4938645362854,71.385,3,6882.098,NA,1.68885336227953,3.05,2.5964910769284977,1.4061354637146,3.05,2.8350756833501523,2.8141454729273763,2.4383488105780073,2.753825964926308
1993-10-01,2.8056769,6.8,5.48034143447876,71.744,3.3,7013.738,NA,3.6998153130413103,3.05,2.026852946951596,1.31965856552124,3.05,2.5964910769284977,2.8350756833501523,2.3966446711911895,2.6415773539956233
1994-01-01,2.9871292,6.6,5.467338562011719,72.018,2.8,7115.652,NA,2.71177185775588,3.05,1.5364276576963043,1.132661437988281,3.05,2.026852946951596,2.5964910769284977,2.274928980435728,2.3064527547690394
1994-04-01,3.4636815,6.4,5.454845,72.528,3,7246.931,NA,2.5146859806895803,3.1,2.8628566007518064,0.9451550000000006,3.1,1.5364276576963043,2.026852946951596,2.1679700795670334,1.9541358114309122
1994-07-01,3.5899216,6.1,5.442838,73.004,2.9,7331.075,NA,2.0694530806578504,3.1,2.651149932828889,0.6571619999999996,3.1,2.8628566007518064,1.5364276576963043,2.4000837621427036,2.581132357386429
1994-10-01,3.6959001,5.8,5.431291000000001,73.369,3,7455.288,NA,2.22031958593512,3.1,2.0149388275309654,0.36870899999999907,3.1,2.651149932828889,2.8628566007518064,2.467946745093544,2.799744018903869
1995-01-01,3.9098209,5.6,5.420172,73.711,3,7522.289,NA,4.18619483418634,2.9,1.877625275970618,0.17982799999999965,2.9,2.0149388275309654,2.651149932828889,2.2396700228844844,2.374937917026475
1995-04-01,3.5623481,5.8,5.409451484680176,74.184,3.3,7580.997,NA,3.65850979935234,2.95,2.591593309199225,0.39054851531982404,2.95,1.877625275970618,2.0149388275309654,2.1819332111126246,2.1501282366373804
1995-07-01,3.1207426,5.7,5.399091,74.493,2.9,7683.125,NA,3.03271532641816,2.8,1.6765663318110802,0.30090899999999987,2.8,2.591593309199225,1.877625275970618,2.242138773432588,2.46327682996404
1995-10-01,3.1003828,5.5,5.38905,74.952,2.9,7772.586,NA,3.22700732941383,2.6,2.4875344054111848,0.11094999999999988,2.6,1.6765663318110802,2.591593309199225,2.028420068145139,2.0987138741161253
1996-01-01,2.9044142,5.6,5.379276,75.19,2.8,7868.468,NA,3.77576772431056,2.6,1.2762088117931336,0.2207239999999997,2.6,2.4875344054111848,1.6765663318110802,2.1142105673830422,2.3112717591642107
1996-04-01,3.1386677,5.6,5.369709491729736,75.565,3,8032.84,NA,3.1332757133388798,2.6,2.009920108069818,0.23029050827026332,2.6,1.2762088117931336,2.4875344054111848,1.938453972601598,1.849082901585451
1996-07-01,3.2777951,5.5,5.360292434692383,75.897,3,8131.408,NA,3.1963724632271004,2.6,1.7690434083040607,0.1397075653076172,2.6,2.009920108069818,1.2762088117931336,1.9945146980936246,1.9766364352547292
1996-10-01,3.291125,5.2,5.350973606109619,76.373,3,8259.771,NA,2.8819818031793303,2.6,2.5323620999402108,-0.15097360610961896,2.6,1.7690434083040607,2.009920108069818,2.0127578607317957,2.046659299545554
1997-01-01,3.2527803,5.3,5.341696,76.584,3,8362.655,NA,3.0261790535140802,2.6,1.1096907234825037,-0.041695999999999955,2.6,2.5323620999402108,1.7690434083040607,2.1393722111418754,2.3856222291801985
1997-04-01,3.3945573000000002,5.1,5.332409381866455,77.075,3,8518.825,NA,2.9877083499694,2.45,2.5892724754503327,-0.23240938186645543,2.45,1.1096907234825037,2.5323620999402108,1.8545108473990883,1.7776908945186785
1997-07-01,3.2099577,4.9,5.323080539703369,77.297,2.7,8662.823,NA,2.02617633760405,2.6,1.1571118353416843,-0.4230805397033688,2.6,2.5892724754503327,1.1096907234825037,2.1153784959526676,2.3107302408220614
1997-10-01,3.1114874,4.7,5.31369,77.545,2.8,8765.907,NA,2.4815449287927596,2.25,1.2895511142359206,-0.6136900000000001,2.25,1.1571118353416843,2.5892724754503327,1.7861952514008534,1.7983106278225862
1998-01-01,2.9382678,4.6,5.304222,77.732,2.3,8866.48,NA,2.42179277848711,2.2,0.9680960202022026,-0.7042220000000006,2.2,1.2895511142359206,1.1571118353416843,1.684963224087819,1.5415921242587847
1998-04-01,2.9132183,4.3,5.294664,78.024,2.4,8969.699,NA,2.2748187478652997,2.1,1.5110866562339398,-0.9946640000000002,2.1,0.9680960202022026,1.2895511142359206,1.595022706494972,1.4032236228738968
1998-07-01,2.9067383,4.5,5.285001,78.222,2.6,9121.097,NA,3.21477716314102,2.1,1.0189427205266055,-0.7850010000000003,2.1,1.5110866562339398,0.9680960202022026,1.6691285568237662,1.5956308727429782
1998-10-01,2.3610562,4.5,5.275233,78.514,2.5,9293.991,NA,3.33701606701728,2.1,1.5015679044857233,-0.7752330000000001,2.1,1.0189427205266055,1.5110866562339398,1.6133657187746568,1.4552165189769584
1999-01-01,2.5374704,4.3,5.265363,78.776,2.7,9411.682,NA,1.5491720432712501,1.9,1.34148994996659,-0.965363,1.9,1.5015679044857233,1.0189427205266055,1.5819570859793033,1.5618732638199626
1999-04-01,2.7859107,4.3,5.255394458770752,78.975,2.7,9526.21,NA,2.67599038238358,2.1,1.0142953514330477,-0.9553944587707521,2.1,1.34148994996659,1.5015679044857233,1.681977018532388,1.6448476133658902
1999-07-01,2.9953284,4.3,5.245333671569824,79.235,2.7,9686.626,NA,2.3937068697068797,2.1,1.3233897863133226,-0.9453336715698244,2.1,1.0142953514330477,1.34148994996659,1.6060687123211526,1.4338642273354953
1999-10-01,3.116893,4.1,5.235184669494629,79.619,2.9,9900.169,NA,1.6936058652114099,2.1,1.9526750734375042,-1.1351846694946293,2.1,1.3233897863133226,1.0142953514330477,1.6488197471668495,1.5459782746781718
2000-01-01,3.2823419,4,5.224948,79.987,3,10002.179,NA,3.85177112617523,2.1,1.8616622739575428,-1.2249480000000004,2.1,1.9526750734375042,1.3233897863133226,1.7974713631857073,1.9600092500194193
2000-04-01,3.209133,3.8,5.214622,80.323,3.2,10247.72,NA,2.27690126641777,2.1,1.6908901657973763,-1.4146220000000005,2.1,1.8616622739575428,1.9526750734375042,1.8334273671276748,2.074715266711862
2000-07-01,3.117007,4,5.204211,80.654,3,10318.165,NA,3.4363633527404702,2.1,1.6585617303197964,-1.204211,2.1,1.6908901657973763,1.8616622739575428,1.785770923093408,1.9396750916616448
2000-10-01,3.0050308,3.9,5.193731,81.067,3.2,10435.744,NA,2.7010732653574503,2.1,2.0640418520344372,-1.2937309999999997,2.1,1.6585617303197964,1.6908901657973763,1.7700624239222107,1.8942229594552993
2001-01-01,2.5494034,4.2,5.183196544647217,81.592,3,10470.231,3.8,4.0764778317574,2.1,2.6157228092321683,-0.9831965446472166,2.1,2.0640418520344372,1.6585617303197964,1.835214313036276,2.067191138702267
2001-04-01,2.5638164,4.4,5.172613620758057,81.951,3.1,10599,3.4,3.14463308812682,2.1,1.7716262673768357,-0.7726136207580563,2.1,2.6157228092321683,2.0640418520344372,1.9649732278771173,2.4276499799492424
2001-07-01,2.7770899,4.6,5.161983,82.366,2.6,10598.02,3.3,2.4350411076885496,2.1,2.0410391419898977,-0.5619830000000006,2.1,1.7716262673768357,2.6157228092321683,1.8340620811082906,2.0794505073638767
2001-10-01,2.4540425,5.3,5.151313,82.516,1,10660.465,2.7,4.18407658200821,2.15,0.7304482634190368,0.1486869999999998,2.15,2.0410391419898977,1.7716262673768357,1.821770348234342,1.967316898555779
2002-01-01,2.690029,5.7,5.140615463256836,82.75,1.9,10783.5,2.7,2.7615896715014903,2.1,1.1391596961522366,0.5593845367431642,2.1,0.7304482634190368,2.0410391419898977,1.5479265436624567,1.2699688681652248
2002-04-01,2.8771123,5.9,5.129905,83.238,2.8,10887.46,2.6,2.67648214481753,2.1,2.379861299410857,0.7700950000000004,2.1,1.1391596961522366,0.7304482634190368,1.5224000932679507,1.1683918731198912
2002-07-01,2.5567135,5.8,5.119209,83.632,2.6,10984.04,2.5,2.24505523113134,2.1,1.906851612883087,0.6807910000000001,2.1,2.379861299410857,1.1391596961522366,1.7973764587007364,1.9296127872766253
2002-10-01,2.0140466,5.7,5.1085615158081055,84.005,2.5,11061.433,2.6,2.3139030753389402,2.05,1.7959766905196073,0.5914384841918947,2.05,1.906851612883087,2.379861299410857,1.77685784389485,1.9524145348087087
2003-01-01,2.1398604,5.8,5.09799,84.223,2.5,11174.129,2.6,2.18139042769816,2.1,1.0420811209344016,0.7020099999999996,2.1,1.7959766905196073,1.906851612883087,1.7400397324293417,1.789712588627132
2003-04-01,2.0118818,6,5.087525,84.568,2.4,11312.766,2.3,0.553036890472014,2.1,1.6486024655508302,0.9124749999999997,2.1,1.0420811209344016,1.7959766905196073,1.5774678885552127,1.3403981267537008
2003-07-01,1.8271572,6.2,5.077202,84.949,1.7,11566.669,2.2,2.6710731226571096,2.1,1.8143150717538248,1.1227980000000004,2.1,1.6486024655508302,1.0420811209344016,1.6317873690152511,1.4691967035727975
2003-10-01,1.9707333,6,5.067058563232422,85.32,2.6,11772.234,2.5,2.09586749439761,2.1,1.7584079910665906,0.9329414367675781,2.1,1.8143150717538248,1.6486024655508302,1.7160012993241103,1.7151943619995178
2004-01-01,2.1820702,5.7,5.057126,85.763,2.7,11923.447,2.6,2.2200747059839503,2.1,2.093118551079809,0.642874,2.1,1.7584079910665906,1.8143150717538248,1.7280147999898896,1.7556348569838345
2004-04-01,2.0143899,5.6,5.0474324226379395,86.27,3.2,12112.815,2.6,2.5383819269539303,2.1,2.385707342090493,0.5525675773620602,2.1,2.093118551079809,1.7584079910665906,1.7922690863237234,1.9311122279085937
2004-07-01,2.3982173,5.5,5.038008,86.628,3,12305.307,2.8,1.77113695955513,2.1,1.6702658803269932,0.4619920000000004,2.1,2.385707342090493,2.093118551079809,1.877353720636444,2.172119161988012
2004-10-01,2.248695,5.5,5.028878688812256,87.012,3.1,12527.214,2.9,2.6605010937276203,2.1,1.7849231929466747,0.47112131118774414,2.1,1.6702658803269932,2.385707342090493,1.7595753235165643,1.856811459197978
2005-01-01,2.272125,5.3,5.020076,87.625,2.9,12767.286,2.8,3.4217591363454103,2.05,2.8479214840398503,0.2799239999999994,2.05,1.7849231929466747,1.6702658803269932,1.7117931273105313,1.7632908884422536
2005-04-01,2.4627918,5.2,5.011637,88.089,3.3,12922.656,3,2.09647901335652,2.1,2.1350005198432997,0.18836299999999984,2.1,2.8479214840398503,1.7849231929466747,1.9543590529070836,2.379347714804065
2005-07-01,2.3035728,5,5.003654480000438,88.46,3,13142.642,3.1,3.0286455734746403,2.1,1.695332541935124,-0.0036544800004376654,2.1,2.1350005198432997,2.8479214840398503,1.9016332355260628,2.2614865994358557
2005-10-01,2.556126,5,4.9967167758934,88.982,4.6,13324.204,3,3.3315751559861897,2.1,2.381364073476955,0.003283224106599647,2.1,1.695332541935124,2.1350005198432997,1.7628941603349797,1.8667293025872131
2006-01-01,2.4179209,4.7,4.987016736794103,89.503,3,13599.16,3.1,2.88432186623886,2.1,2.362696549968102,-0.28701673679410256,2.1,2.381364073476955,1.695332541935124,1.8742822998163393,2.1651780126661895
2006-04-01,2.6220555,4.7,4.976734475862477,90.169,3.3,13753.424,3.4,2.8870316165126,2.1,3.0098235598028156,-0.2767344758624768,2.1,2.362696549968102,2.381364073476955,1.9212335136828511,2.308432235850652
2006-07-01,2.7219999,4.7,4.966011157786974,90.712,3.2,13870.188,3.1,3.0539305241528396,2.1,2.4306564830033572,-0.2660111577869735,2.1,3.0098235598028156,2.362696549968102,2.0453448065818534,2.646821096584611
2006-10-01,2.4628321,4.4,4.955040080493421,91.204,3.1,14039.56,3.2,3.6506970400157703,2.1,2.187217685836451,-0.5550400804934208,2.1,2.4306564830033572,3.0098235598028156,1.9912868889568134,2.5174521591640016
2007-01-01,2.5310126,4.6,4.944046980128732,91.741,3,14215.651,3.3,2.9644102631689195,2,2.376042046170479,-0.34404698012873247,2,2.187217685836451,2.4306564830033572,1.8453756383773248,2.203633204538597
2007-04-01,2.4880411,4.5,4.933268579217006,92.163,3.3,14402.082,3.3,2.36832536836802,2,1.8526969624730105,-0.4332685792170059,2,2.376042046170479,2.187217685836451,1.8672806663332198,2.2592926970464746
2007-07-01,2.6195574,4.7,4.922925139441717,92.563,3.4,14564.117,3.2,2.82817098511783,2.1,1.7473894069755636,-0.22292513944171688,2.1,1.8526969624730105,2.376042046170479,1.819662545574716,2.0301880071980554
2007-10-01,2.3895245,4.7,4.913194324705306,93.196,3.1,14715.058,3.2,3.43463052089827,2.1,2.763622141406552,-0.21319432470530586,2.1,1.7473894069755636,1.8526969624730105,1.7599480040281719,1.8554010496956186
2008-01-01,2.1512253,5,4.904191718858677,93.753,3.4,14706.538,3.2,3.28360527628442,2.2,2.4121782831002303,0.09580828114132256,2.2,2.763622141406552,1.7473894069755636,1.986385596505031,2.3668896437723332
2008-04-01,1.9073272,5,4.895960569602773,94.083,4.8,14865.701,2.8,2.24101388446512,2.2,1.4154061690319963,0.1040394303972274,2.2,2.4121782831002303,2.763622141406552,1.9932019121224003,2.4078654703994316
2008-07-01,2.3433765,5.8,4.888470759617824,94.641,5.1,14898.999,2.7,3.98912873927892,2.2,2.3935624862624794,0.9115292403821762,2.2,1.4154061690319963,2.4121782831002303,1.7437358513299386,1.7077576664739584
2008-10-01,1.9686992,6.5,4.88162329538316,94.719,3.9,14608.208,2.4,2.20171024216991,2.2,0.3300746211263528,1.61837670461684,2.2,2.3935624862624794,1.4154061690319963,1.8341997091657785,1.923105116091479
2009-01-01,1.3752818,7.8,4.875261901289407,94.602,2.2,14430.901,2,2.40364062502632,2.2,-0.49317832804777195,2.924738098710593,2.2,0.3300746211263528,2.3935624862624794,1.4577844907187718,0.8988789543450224
2009-04-01,1.5198782,9,4.869192265374635,94.957,2.8,14381.236,1.7,1.86117019943739,2.27,1.50949554427815,4.130807734625365,2.27,-0.49317832804777195,0.3300746211263528,1.1338529542688351,-0.1181564638774334
2009-07-01,1.8791617,9.5,4.863205979930874,95.233,2.9,14448.882,1.7,0.12583251339235402,2.15,1.167710256251553,4.636794020069126,2.15,1.50949554427815,-0.49317832804777195,1.3864317763328962,0.6669418001486507
2009-10-01,1.7989016,10,4.857106944397845,95.893,2.9,14651.248,1.8,1.1903654188135,2.1,2.8010997104607416,5.142893055602155,2.1,1.167710256251553,1.50949554427815,1.4263199571344392,0.8634214905336879
2010-01-01,1.9320247,9.8,4.850728282627726,96.201,2.8,14764.611,2.1,0.680110845940707,2.1,1.2909684082599515,4.949271717372275,2.1,2.8010997104607416,1.167710256251553,1.7257468494457326,1.6762470120791666
2010-04-01,1.897095,9.9,4.843936590710999,96.478,2.9,14980.193,2.4,0.45261625417847295,2.15,1.1567392601657511,5.056063409289002,2.15,1.2909684082599515,2.8010997104607416,1.5733231587186614,1.2444585693585588
2010-07-01,1.5125837,9.4,4.836630897441851,96.633,2.7,15141.605,2.3,0.632305068442718,2.1,0.6441838802053512,4.563369102558149,2.1,1.1567392601657511,1.2909684082599515,1.4290922999926008,0.8740859148806052
2010-10-01,1.4064908,9.4,4.828742862936905,96.928,2.7,15309.471,2.4,1.1260905710720202,2,1.2267180352727225,4.571257137063095,2,0.6441838802053512,1.1567392601657511,1.271286347099176,0.5403995679435186
2011-01-01,1.8493193,9.1,4.820244006599269,97.283,3.4,15351.444,2.3,2.27322625990496,2.1,1.4730730198565078,4.27975599340073,2.1,1.2267180352727225,0.6441838802053512,1.4050081135679537,0.7978876436507631
2011-04-01,2.0073539,9.1,4.811158123503825,97.824,4.6,15557.535,2.4,2.24921919600376,2.27,2.2430623342519995,4.288841876496175,2.27,1.4730730198565078,1.2267180352727225,1.5771956194474335,1.1102808542056688
2011-07-01,1.9369166,9,4.801569813017011,98.309,3.4,15647.681,2.7,2.5370313756665,2.25,1.9979505914771156,4.198430186982989,2.25,2.2430623342519995,1.4730730198565078,1.7390150155223165,1.5789662083547213
2011-10-01,1.4432293,8.8,4.791622118171009,98.619,3.2,15842.267,2.7,2.02226514469577,2.15,1.2673076928741756,4.0083778818289915,2.15,1.9979505914771156,2.2430623342519995,1.7076207844627798,1.6132136634707395
2012-01-01,1.455813,8.3,4.781499529253637,99.288,3.3,16068.824,2.8,3.19808928450254,2.15,2.7412091545616857,3.518500470746364,2.15,1.2673076928741756,1.9979505914771156,1.5651469419483897,1.2253963869148958
2012-04-01,1.527704,8.2,4.7713995210888855,99.746,3.2,16207.13,2.8,2.2851338427891696,2.2,1.8579436796318571,3.4286004789111137,2.2,2.7412091545616857,1.2673076928741756,1.8247993651310976,1.8694007672367932
2012-07-01,1.3280776,8.2,4.761502714877658,100.053,3,16319.54,2.7,2.08371119432122,2.2,1.2368225110496622,3.4384972851223417,2.2,1.8579436796318571,2.7412091545616857,1.762092043737998,1.73060545143516
2012-10-01,1.3814058,7.8,4.751948856560013,100.482,3.1,16420.386,2.7,1.8750476631537398,2.1,1.7261533311340393,3.048051143439987,2.1,1.2368225110496622,1.8579436796318571,1.5420580588268944,1.2158576151267233
2013-01-01,1.3370393,8,4.742824857468626,100.871,3.3,16629.05,2.8,2.74180750368704,2,1.5575516516959764,3.2571751425313744,2,1.7261533311340393,1.2368225110496622,1.5356482247019454,1.2821152525847606
2013-04-01,1.3281382,7.6,4.734167218385459,101.163,3.1,16699.551,2.9,2.088884185994,2,1.1629521472643178,2.8658327816145404,2,1.5575516516959764,1.7261533311340393,1.5534707764811293,1.346961845367971
2013-07-01,1.4426627,7.3,4.725973251949637,101.567,3.1,16911.068,2.8,2.00320004740069,2,1.6070165729463959,2.574026748050363,2,1.1629521472643178,1.5575516516959764,1.4748275233310546,1.1324491978069409
2013-10-01,1.5911875,7.2,4.71821229323513,102.015,3,17133.114,3,1.16372929089217,2,1.7760604850123762,2.4817877067648704,2,1.6070165729463959,1.1629521472643178,1.5352677432915827,1.2900469123490763
2014-01-01,1.7153084,6.6,4.710835162426804,102.426,3.1,17144.281,2.9,2.4063265035218797,2,1.621292731113777,1.8891648375731958,2,1.7760604850123762,1.6070165729463959,1.6227537919582886,1.546896455797981
2014-04-01,1.7415577,6.2,4.70378083099091,102.879,3.2,17462.703,3.2,2.21493222879676,2,1.780852903705532,1.4962191690090902,2,1.621292731113777,1.7760604850123762,1.6195354102976165,1.547219281074692
2014-07-01,1.7704087,6.2,4.696979837805766,103.369,3.3,17743.227,3.4,2.4049038383757497,2,1.9188049779440775,1.5030201621942343,2,1.780852903705532,1.621292731113777,1.6388314239789668,1.5964012019681981
2014-10-01,1.7367613,5.7,4.690356277967989,103.629,2.9,17852.54,3.5,2.4289565511268,2,1.0099066361096254,1.0096437220320116,2,1.9188049779440775,1.780852903705532,1.695516223691883,1.7614835871301087
2015-01-01,1.5049432,5.7,4.683831538634186,103.816,2.5,17991.348,3.7,1.94752959883826,2,0.723761786469268,1.0161684613658144,2,1.0099066361096254,1.9188049779440775,1.5287123744224,1.3089031981923385
2015-04-01,1.5864912,5.4,4.677328465531269,104.256,2.6,18193.707,3.8,2.96265053867684,1.98,1.7061153145610408,0.7226715344687316,1.98,0.723761786469268,1.0099066361096254,1.4066729926685568,0.9795994441536744
2015-07-01,1.7693587,5.2,4.670774594146351,104.603,2.8,18306.96,4.1,1.9220253006031698,2,1.3379997357079176,0.5292254058536487,2,1.7061153145610408,0.723761786469268,1.5931444924378542,1.4650997880618446
2015-10-01,1.579485,5,4.664107354087191,104.829,2.7,18332.079,3.9,2.28316449144805,1.9,0.8670247772802231,0.3358926459128089,1.9,1.3379997357079176,1.7061153145610408,1.553715540248528,1.4821454907834413
2016-01-01,1.70130035,4.8,4.657280063380819,105.204,2.5,18425.306,4,2.70841659132004,1.97,1.438598130915758,0.14271993661918092,1.97,0.8670247772802231,1.3379997357079176,1.4752835391047896,1.1921978854185664
2016-04-01,1.60102719,5.1,4.650266763167459,105.786,2.8,18611.617,3.9,3.8254778833095098,2,2.2312739724447805,0.4497332368325404,2,1.438598130915758,0.8670247772802231,1.5546439332281732,1.3642099130824348
2016-07-01,1.50923924,4.8,4.643065795549792,106.257,2.7,18775.459,4,2.49016471097936,2,1.7928835852606184,0.15693420445020756,2,2.2312739724447805,1.438598130915758,1.76198333866,1.9470986461286217
2016-10-01,1.58977135,4.9,4.6356975117040875,106.737,2.4,18968.041,3.7,2.01802556175075,2,1.8192205605525702,0.26430248829591285,2,1.7928835852606184,2.2312739724447805,1.7316637944910511,1.880356759956836
2017-01-01,1.8454627,4.7,4.628192464607139,107.205,2.6,19148.194,3.7,3.43630577482943,2.1,1.7654121907612508,0.07180753539286133,2.1,1.8192205605525702,1.7928835852606184,1.7590831605919555,1.8478187106237574
2017-04-01,1.74714341,4.4,4.620574023479433,107.62,2.5,19304.506,4,1.5536583625790101,2.09,1.5574496610091693,-0.22057402347943267,2.09,1.7654121907612508,1.8192205605525702,1.756452885696633,1.8552523410582251
2017-07-01,1.73893855,4.3,4.6128389885979715,107.941,2.6,19561.896,4.1,2.1220936834140702,2,1.1984353694775463,-0.31283898859797166,2,1.5574496610091693,1.7654121907612508,1.6723114957763148,1.715856440856706
2017-10-01,1.80800185,4.2,4.6049403705047505,108.499,2.4,19894.75,4.2,2.4249630240346502,2,2.0838858072809163,-0.4049403705047503,2,1.1984353694775463,1.5574496610091693,1.5903827585945225,1.4887695042151543
2018-01-01,1.86617639,4,4.596784534414666,109.08,2.7,20155.486,4.3,4.17000041826154,2,2.1592216235155393,-0.5967845344146658,2,2.0838858072809163,1.1984353694775463,1.742964540992194,1.9001552633584078
2018-04-01,1.89293546,4,4.588244232774207,109.75,2.7,20470.197,4.4,2.93200914809488,2,2.4796417624363576,-0.5882442327742066,2,2.1592216235155393,2.0838858072809163,1.8230789045963396,2.138411934496076
2018-07-01,2.03159462,3.8,4.579182858380815,110.219,2.9,20687.278,4.6,2.11149391449985,2,1.720327560748447,-0.7791828583808149,2,2.4796417624363576,2.1592216235155393,1.89797243077745,2.3472236770955046
2018-10-01,2.11263929,3.8,4.569488334912821,110.626,2.9,20819.269,4.7,2.60626268747923,2,1.4852608592131222,-0.769488334912821,2,1.720327560748447,2.4796417624363576,1.7737059066163268,2.0148046128456403
2019-01-01,1.87267231,4,4.559107349559952,111.134,2.7,21013.085,4.8,3.23099390584713,2,1.849510479273131,-0.5591073495599517,2,1.4852608592131222,1.720327560748447,1.6639022078220955,1.6952616528681657
2019-04-01,1.69509441,3.6,4.548072316787357,111.65,2.5,21272.448,4.6,2.2774968873232595,2,1.8701922092572376,-0.9480723167873566,2,1.849510479273131,1.4852608592131222,1.7314888758751676,1.8799623287484253
2019-07-01,1.59047749,3.7,4.536518384932685,112.157,2.6,21531.839,4.5,2.4690479946519703,2,1.8288002826478467,-0.8365183849326847,2,1.8701922092572376,1.849510479273131,1.7584992981526602,1.9602572792613453
2019-10-01,1.54904817,3.6,4.524682420558517,112.496,2.5,21706.532,4.6,2.5257194144136,2,1.2145120337220927,-0.9246824205585171,2,1.8288002826478467,1.8701922092572376,1.755199176365891,1.9529077391845266
2020-01-01,1.64111652,3.5,4.5128759969487735,113.008,2.5,21538.032,4.5,3.20697563356733,2,1.83297537794187,-1.0128759969487735,2,1.2145120337220927,1.8288002826478467,1.635840809480208,1.6272304730061113
2020-04-01,0.88234276,14.7,4.501435076327348,112.668,2.1,19636.731,3.5,1.9683735023159599,1.86,-1.19803437167324,10.198564923672652,1.86,1.83297537794187,1.2145120337220927,1.234606459761085,0.505046071979568
2020-07-01,1.2377693,10.2,4.490658240630827,113.425,3,21362.428,4.5,3.61082947310352,1.85,2.7147494975341413,5.709341759369172,1.85,-1.19803437167324,1.83297537794187,0.8498709921583498,-0.46055975578782193
2020-10-01,1.20124146,6.9,4.480756326904777,114.017,2.6,21704.706,4.6,1.83845624148977,1.9,2.1041248163801374,2.419243673095223,1.9,2.7147494975341413,-1.19803437167324,1.5298327206363582,1.3242066772257153
2021-01-01,1.24288849,6.3,4.4718328337534015,114.782,3,22313.85,4.8,1.52430226027722,2.03,2.710941972367764,1.8281671662465984,2.03,2.1041248163801374,2.7147494975341413,1.7854314617106417,1.9863928229619847
2021-04-01,1.47891829,6.1,4.463891501246221,116.186,3.4,23046.934,6,2.7458149440762,2.1,4.983258884129627,1.6361084987537788,2.1,2.710941972367764,2.1041248163801374,1.8986140833279794,2.214367258316588
2021-07-01,1.55335025,5.4,4.456865180030474,117.811,4.7,23550.42,6.9,3.58104546874516,2.2,5.712944185471969,0.9431348199695266,2.2,4.983258884129627,2.710941972367764,2.4588481496919257,3.6669062209851946
2021-10-01,1.51670347,4.5,4.4506510615985775,118.929,4.8,24349.121,7.1,7.662852587467969,2.3,3.8502865628821104,0.049348938401422515,2.3,5.712944185471969,4.983258884129627,2.8500224193255574,4.697319630305762
2022-01-01,1.73444186,4,4.445136605,120.761,4.9,24740.48,7.1,6.99282631112532,2.2,6.3054998728440115,-0.4451366050000001,2.2,3.8502865628821104,5.712944185471969,2.5120691225222376,3.8976255131028212
2022-04-01,2.26755868,3.6,4.440213593,122.03,5.4,25248.476,7.2,6.03032022330425,2.4,4.270064542454577,-0.8402135930000001,2.4,6.3054998728440115,3.8502865628821104,2.961424496794459,4.8883118240945755
2022-07-01,2.28813375,3.5,4.435783746,123.352,5.2,25723.941,6.9,6.423611018812459,2.45,4.404288155280045,-0.9357837460000002,2.45,4.270064542454577,6.3054998728440115,2.7752362180110124,4.385253571190727
2022-10-01,2.40070757,3.7,4.431759578,124.998,5,26137.992,6.4,6.50774804422964,2.58,5.445360332052296,-0.7317595780000001,2.58,4.404288155280045,4.270064542454577,2.704904366589928,4.014909123563973
2023-01-01,2.31430445,3.4,4.428063806,126.422,3.9,26529.774,6.4,8.142495355377719,2.15,4.635335083735503,-1.028063806,2.15,5.445360332052296,4.404288155280045,2.7225054072382004,4.501539410407573
2023-04-01,2.13835537,3.4,4.424628937818157,127.655,4.6,26798.605,6.2,4.91159508026411,2.135,3.95866490346104,-1.0246289378181568,2.135,4.635335083735503,5.445360332052296,2.6349558009359284,4.300470269191011
2023-07-01,2.08637277,3.5,4.421396747328491,128.579,3.4,26798.605,5.3,2.283639185594,2.1215,2.926891154021849,-0.9213967473284912,2.1215,3.95866490346104,4.635335083735503,2.4329281165724135,3.7429556628504326
